slot,data_lost,data_delay_ms,ack_lost,ack_delay_ms
0,0,20,0,20
1,0,20,0,200
2,0,200,0,20
3,0,20,0,20
4,0,20,0,200
5,0,20,0,20
6,0,20,0,20
7,0,20,0,20
8,0,20,0,20
9,0,20,0,20
10,0,20,0,20
11,0,20,0,20
12,0,200,0,200
13,0,20,0,20
14,0,20,0,200
15,0,20,0,20
16,0,20,0,20
17,0,20,0,20
18,0,200,0,20
19,0,20,0,20
20,0,20,0,20
21,0,20,0,200
22,0,20,0,20
23,0,200,0,20
24,0,20,0,20
25,0,200,1,20
26,0,200,0,20
27,0,20,0,20
28,0,200,0,20
29,0,200,0,200
30,0,20,0,20
31,0,20,0,20
32,0,20,0,20
33,0,20,0,20
34,0,20,0,20
35,0,20,0,200
36,0,20,0,20
37,0,20,0,20
38,0,200,0,20
39,0,20,0,20
40,0,20,0,20
41,0,20,0,20
42,0,20,0,20
43,0,20,0,20
44,0,200,0,20
45,0,20,0,200
46,0,20,0,20
47,0,20,0,20
48,0,20,0,20
49,0,200,0,20
50,0,20,0,20
51,0,20,0,20
52,0,200,0,20
53,0,20,0,200
54,0,200,0,20
55,0,20,0,20
56,0,20,0,20
57,0,200,0,20
58,0,20,0,200
59,0,200,0,20
60,0,20,0,200
61,0,20,0,20
62,0,20,0,20
63,0,20,0,20
64,0,20,0,200
65,0,20,0,200
66,0,20,0,200
67,0,200,0,20
68,0,20,0,20
69,0,20,0,20
70,0,20,0,200
71,0,200,0,200
72,0,20,0,20
73,0,200,0,20
74,0,20,0,20
75,0,200,0,20
76,0,20,0,200
77,0,200,0,200
78,0,20,0,20
79,0,20,0,20
80,0,20,1,20
81,0,20,0,200
82,0,20,0,20
83,1,20,0,20
84,0,20,0,20
85,0,200,0,200
86,0,20,0,200
87,0,20,0,20
88,0,20,0,20
89,0,200,0,20
90,0,200,0,200
91,0,20,0,20
92,0,200,0,200
93,0,20,0,20
94,0,20,0,20
95,0,20,0,200
96,0,20,0,200
97,0,200,0,20
98,0,20,0,20
99,0,20,0,20
100,0,20,0,20
101,0,20,0,20
102,0,20,0,200
103,0,20,0,20
104,0,20,0,200
105,0,20,0,200
106,0,20,0,20
107,0,20,0,20
108,0,20,0,20
109,0,200,0,20
110,0,20,0,20
111,0,20,0,20
112,0,20,0,20
113,0,200,0,20
114,0,20,0,200
115,0,20,0,200
116,0,20,0,200
117,0,20,0,20
118,0,20,0,20
119,0,20,0,20
120,0,20,0,20
121,0,20,0,200
122,0,200,0,20
123,0,200,0,20
124,0,200,0,20
125,0,20,0,20
126,0,20,0,20
127,0,200,0,20
128,0,20,0,200
129,0,20,0,20
130,0,200,0,20
131,0,20,0,200
132,0,20,0,20
133,0,20,0,200
134,0,20,0,20
135,0,20,0,20
136,0,200,0,200
137,0,20,0,20
138,0,20,0,20
139,0,200,0,20
140,0,200,0,20
141,0,200,0,20
142,0,20,0,20
143,0,20,0,200
144,0,200,0,20
145,0,200,0,200
146,0,200,0,20
147,0,20,0,20
148,0,20,0,20
149,0,20,0,200
150,0,20,0,200
151,0,20,0,20
152,0,200,0,200
153,0,20,0,20
154,0,200,0,200
155,0,20,0,20
156,0,20,0,20
157,0,20,0,20
158,0,200,0,200
159,0,20,1,20
160,0,20,0,200
161,0,20,0,200
162,0,20,0,20
163,0,20,0,200
164,0,200,0,20
165,0,20,0,20
166,0,20,0,20
167,0,20,0,20
168,0,20,0,20
169,0,200,0,20
170,0,20,0,200
171,0,200,0,20
172,0,20,0,20
173,0,200,0,20
174,0,20,0,20
175,0,20,0,20
176,0,20,0,20
177,0,20,0,20
178,0,200,0,20
179,0,20,0,20
180,0,200,0,20
181,0,200,0,20
182,0,20,0,20
183,0,200,0,20
184,0,20,0,20
185,0,20,1,200
186,0,200,0,200
187,0,20,0,20
188,0,20,0,20
189,0,20,0,20
190,0,200,0,200
191,0,20,0,20
192,0,200,0,20
193,0,20,0,20
194,0,200,0,200
195,0,20,0,200
196,0,20,0,200
197,0,200,0,20
198,0,200,0,20
199,0,200,0,200
200,0,20,0,200
201,0,200,0,20
202,0,20,0,200
203,0,20,0,20
204,0,20,0,20
205,0,20,0,20
206,0,20,0,20
207,0,20,0,20
208,0,200,0,20
209,0,200,0,20
210,0,200,0,20
211,0,20,0,20
212,0,20,0,20
213,0,20,0,200
214,0,20,0,20
215,0,200,0,20
216,0,20,0,20
217,0,20,0,200
218,0,20,0,200
219,0,200,0,200
220,0,20,0,200
221,0,20,0,20
222,0,20,0,200
223,0,20,0,20
224,0,20,0,20
225,0,20,0,200
226,0,20,0,20
227,0,20,0,20
228,0,20,0,20
229,0,20,0,20
230,0,200,0,20
231,0,20,0,20
232,0,20,0,20
233,0,200,0,200
234,0,20,0,20
235,0,20,0,20
236,0,20,0,20
237,0,200,0,200
238,0,20,0,200
239,0,20,0,20
240,0,20,0,200
241,0,20,0,20
242,0,20,0,200
243,0,20,0,20
244,0,20,0,200
245,0,20,0,200
246,0,20,0,20
247,0,20,0,200
248,0,20,0,200
249,0,20,0,20
250,0,20,0,20
251,0,20,0,200
252,0,20,0,20
253,0,200,0,20
254,0,200,0,20
255,0,200,0,20
256,0,20,0,20
257,0,20,0,20
258,0,20,0,200
259,0,20,0,20
260,0,20,0,200
261,0,20,0,200
262,0,20,0,20
263,0,20,0,200
264,0,200,0,20
265,0,20,0,20
266,0,20,0,20
267,0,20,0,20
268,0,20,0,20
269,0,20,0,20
270,0,20,0,20
271,0,200,0,20
272,1,20,0,20
273,0,200,0,20
274,0,20,0,20
275,0,200,0,20
276,0,200,0,20
277,0,200,0,20
278,0,200,0,20
279,0,20,0,20
280,0,20,0,200
281,0,20,0,20
282,0,20,0,20
283,0,20,0,20
284,0,20,0,200
285,0,20,0,20
286,0,20,0,200
287,0,20,0,20
288,0,20,0,20
289,0,200,0,20
290,0,20,0,20
291,0,200,0,20
292,0,20,0,20
293,0,20,0,200
294,0,20,0,20
295,0,20,0,200
296,0,200,0,20
297,0,20,0,20
298,0,20,0,200
299,0,20,0,20
300,0,200,0,20
301,0,20,0,200
302,0,200,0,20
303,0,20,1,20
304,0,20,0,20
305,0,200,0,20
306,0,20,0,200
307,0,20,0,200
308,0,20,0,200
309,0,20,0,20
310,0,20,0,20
311,0,20,0,200
312,0,20,0,20
313,0,20,0,20
314,0,20,0,200
315,0,20,0,200
316,0,20,0,200
317,0,20,0,200
318,0,20,0,20
319,0,200,0,200
320,0,20,0,20
321,0,20,0,20
322,0,200,0,20
323,0,200,0,20
324,0,20,0,20
325,0,20,0,20
326,0,20,0,200
327,0,20,0,20
328,0,200,0,200
329,0,20,0,20
330,0,20,0,20
331,0,20,0,200
332,0,200,0,200
333,0,20,0,20
334,0,200,0,20
335,0,20,0,20
336,0,20,0,20
337,0,20,0,20
338,0,20,0,200
339,0,200,0,20
340,0,200,0,20
341,0,200,0,20
342,0,20,0,200
343,0,20,0,20
344,0,20,0,20
345,0,200,0,20
346,0,20,0,20
347,0,20,0,200
348,0,200,0,20
349,0,20,0,200
350,0,200,0,20
351,0,20,0,20
352,0,20,0,20
353,0,20,0,200
354,0,20,0,20
355,0,200,0,20
356,0,20,0,20
357,0,200,0,20
358,0,20,0,20
359,0,20,0,200
360,0,200,0,20
361,0,200,0,20
362,0,20,0,20
363,0,20,0,20
364,0,200,0,20
365,0,200,0,200
366,0,20,0,20
367,0,20,0,20
368,0,20,0,200
369,0,20,0,200
370,0,20,0,200
371,0,200,0,20
372,0,200,0,200
373,0,20,0,20
374,0,200,0,200
375,0,200,0,20
376,0,20,0,200
377,0,20,0,20
378,0,20,0,200
379,0,20,0,200
380,0,20,0,20
381,0,20,0,20
382,0,20,0,20
383,1,20,0,20
384,0,200,0,20
385,0,20,0,20
386,0,200,0,20
387,0,200,0,200
388,0,20,0,20
389,0,20,0,20
390,0,20,0,20
391,0,20,0,20
392,0,20,0,200
393,0,20,0,20
394,0,20,0,20
395,0,20,0,20
396,0,200,0,200
397,0,200,0,20
398,0,20,0,200
399,0,20,0,20
400,0,200,0,20
401,0,200,0,200
402,0,20,0,20
403,0,200,0,20
404,0,200,0,20
405,0,20,0,20
406,0,200,0,20
407,0,200,0,20
408,0,20,0,20
409,0,20,0,20
410,0,20,0,20
411,0,20,0,200
412,0,20,0,200
413,0,20,0,20
414,0,20,0,20
415,0,20,0,200
416,1,20,0,20
417,0,20,0,200
418,0,20,0,20
419,0,200,0,20
420,0,200,0,20
421,0,200,0,200
422,0,20,0,20
423,0,20,0,20
424,0,200,0,20
425,0,20,0,200
426,0,20,0,20
427,0,20,0,200
428,0,20,0,200
429,0,200,0,20
430,0,200,0,20
431,0,20,0,20
432,0,20,0,20
433,0,20,0,200
434,0,20,0,200
435,0,20,0,200
436,0,20,0,200
437,0,20,0,20
438,0,20,0,20
439,0,20,0,20
440,0,20,0,200
441,0,20,0,20
442,0,20,0,200
443,0,20,0,200
444,0,200,0,20
445,0,20,0,20
446,0,20,0,20
447,0,200,0,20
448,0,20,0,20
449,0,20,0,20
450,0,200,0,20
451,0,200,0,200
452,0,20,0,20
453,0,20,0,20
454,0,20,0,20
455,0,20,0,200
456,0,20,0,20
457,0,20,0,200
458,0,20,0,200
459,0,20,0,20
460,0,20,0,20
461,0,20,0,200
462,0,200,0,20
463,0,200,0,20
464,0,20,0,20
465,0,200,0,20
466,0,20,0,20
467,0,20,0,20
468,0,20,0,200
469,0,200,0,20
470,0,20,0,20
471,0,20,0,200
472,0,200,0,200
473,0,200,0,200
474,0,20,0,20
475,0,20,0,20
476,0,20,0,20
477,0,200,0,20
478,0,20,0,20
479,0,20,0,20
480,0,20,0,200
481,0,20,0,20
482,0,20,0,200
483,0,200,0,20
484,0,20,0,20
485,0,20,0,20
486,0,200,0,200
487,0,200,0,20
488,0,20,0,20
489,0,20,0,20
490,0,20,0,200
491,0,20,0,20
492,0,200,0,20
493,0,20,0,200
494,0,20,0,200
495,0,20,0,200
496,0,200,0,20
497,0,20,0,20
498,0,200,0,20
499,0,200,1,20
500,0,20,0,20
501,0,20,0,20
502,0,20,0,20
503,0,200,0,20
504,0,20,0,20
505,0,200,0,200
506,0,20,0,200
507,0,200,0,20
508,0,20,0,20
509,0,200,0,20
510,0,20,1,20
511,0,20,0,20
512,0,20,0,20
513,0,200,0,20
514,0,200,0,20
515,0,20,0,20
516,0,20,0,200
517,0,20,0,20
518,0,200,0,20
519,0,200,0,200
520,0,200,0,20
521,0,20,0,200
522,0,200,0,20
523,0,20,0,20
524,0,20,0,20
525,0,20,0,200
526,0,20,0,20
527,0,20,0,200
528,0,200,0,20
529,0,20,0,200
530,0,20,0,20
531,0,20,0,20
532,0,20,0,20
533,0,200,0,20
534,0,20,0,200
535,0,200,0,20
536,0,20,0,20
537,0,20,0,200
538,0,20,0,20
539,0,20,0,20
540,0,20,0,20
541,0,20,0,20
542,0,20,0,200
543,0,20,0,20
544,0,200,0,20
545,0,20,0,20
546,0,20,0,200
547,0,200,0,20
548,0,20,0,20
549,0,20,0,200
550,0,20,0,20
551,0,200,0,200
552,0,20,0,20
553,0,200,0,20
554,0,20,0,200
555,0,20,0,200
556,0,200,0,200
557,0,200,0,20
558,0,20,0,20
559,0,20,0,20
560,0,20,0,20
561,0,20,0,20
562,0,200,0,20
563,0,20,0,20
564,0,20,0,20
565,0,200,0,20
566,0,20,0,200
567,0,200,1,20
568,0,20,0,20
569,0,20,0,200
570,0,20,0,20
571,0,20,0,20
572,0,20,0,20
573,0,20,0,20
574,0,20,0,20
575,0,200,0,20
576,0,20,0,20
577,0,20,0,20
578,0,20,0,200
579,0,20,0,200
580,0,20,0,200
581,0,20,1,20
582,0,200,0,20
583,0,200,0,20
584,0,200,0,20
585,0,20,1,20
586,0,20,0,20
587,0,20,0,20
588,0,20,0,20
589,0,20,0,20
590,0,20,0,200
591,0,20,0,200
592,0,20,0,20
593,0,20,0,20
594,0,20,0,200
595,0,20,0,20
596,0,20,0,20
597,0,200,0,200
598,0,200,0,20
599,0,20,0,20
600,0,20,0,20
601,0,20,0,20
602,0,20,0,20
603,0,200,0,200
604,0,20,0,20
605,0,200,0,20
606,0,20,0,200
607,0,20,0,200
608,0,20,0,200
609,0,200,0,20
610,0,20,0,200
611,0,20,0,20
612,0,20,0,20
613,0,20,0,200
614,0,20,0,20
615,0,20,0,20
616,0,200,0,20
617,0,20,0,20
618,0,20,0,20
619,0,200,0,200
620,0,200,0,20
621,0,200,0,20
622,0,20,0,20
623,0,200,0,200
624,0,20,0,200
625,0,200,0,200
626,0,20,0,20
627,0,200,0,200
628,0,20,0,200
629,0,200,0,200
630,0,20,0,20
631,0,20,0,200
632,0,200,0,200
633,0,20,0,20
634,0,20,0,200
635,0,20,0,20
636,0,200,0,20
637,0,200,0,20
638,0,20,0,20
639,0,200,0,20
640,0,20,0,20
641,0,20,0,20
642,0,20,0,200
643,0,200,0,20
644,0,20,0,20
645,0,20,0,20
646,0,20,1,20
647,0,20,0,200
648,0,20,0,20
649,0,200,0,20
650,0,200,0,200
651,0,20,0,20
652,0,200,0,20
653,0,20,0,20
654,0,20,0,20
655,0,20,0,20
656,0,20,0,20
657,0,20,1,200
658,0,20,0,200
659,0,200,0,20
660,0,20,0,20
661,0,200,0,20
662,0,200,0,200
663,0,20,0,20
664,0,20,0,200
665,0,20,0,20
666,0,20,0,20
667,0,200,0,20
668,0,200,0,200
669,0,200,0,20
670,0,200,0,20
671,0,20,0,20
672,0,200,0,20
673,0,20,0,200
674,0,20,0,20
675,0,200,0,20
676,0,200,0,20
677,0,20,0,20
678,0,20,0,200
679,0,20,0,20
680,0,20,0,20
681,0,20,0,200
682,0,200,0,20
683,0,20,0,20
684,0,20,0,20
685,0,200,0,20
686,0,200,0,20
687,0,20,0,20
688,0,200,1,20
689,0,20,0,20
690,0,20,0,200
691,0,20,0,20
692,0,200,0,20
693,0,200,0,20
694,0,200,0,20
695,0,20,0,200
696,0,20,0,200
697,0,20,0,200
698,0,20,0,20
699,0,20,0,200
700,0,200,0,20
701,0,200,0,20
702,0,20,0,20
703,0,20,0,20
704,0,200,0,20
705,0,20,0,200
706,0,20,0,20
707,0,20,1,200
708,0,200,0,20
709,0,200,0,200
710,0,20,0,20
711,0,20,0,20
712,0,200,0,200
713,0,20,0,20
714,0,20,0,20
715,0,200,0,20
716,0,20,0,20
717,0,200,0,200
718,0,20,0,200
719,0,20,0,20
720,0,200,0,20
721,0,20,0,20
722,0,20,0,20
723,0,20,0,20
724,0,200,0,20
725,0,20,0,20
726,0,20,0,20
727,0,200,0,20
728,0,200,0,20
729,0,20,0,200
730,0,20,0,20
731,0,20,0,20
732,0,20,0,200
733,0,20,0,20
734,0,20,0,20
735,0,20,0,20
736,0,20,0,20
737,0,200,1,20
738,0,20,0,20
739,0,20,0,200
740,0,20,0,20
741,0,20,0,20
742,0,20,0,20
743,0,200,0,200
744,0,20,0,200
745,0,20,0,20
746,0,20,0,200
747,0,200,0,20
748,0,20,0,200
749,0,20,0,20
750,0,200,0,20
751,0,20,0,20
752,0,20,0,20
753,0,20,0,20
754,0,20,0,200
755,0,200,0,200
756,0,20,0,20
757,0,20,0,200
758,0,20,0,20
759,0,20,0,20
760,0,20,0,20
761,0,200,0,20
762,0,20,0,20
763,0,20,0,200
764,0,20,0,20
765,0,20,0,20
766,0,20,0,200
767,0,20,0,20
768,0,200,0,20
769,0,20,0,200
770,1,20,0,20
771,0,20,0,200
772,0,20,0,20
773,0,200,0,20
774,0,20,0,20
775,0,20,0,200
776,0,20,0,20
777,0,20,0,20
778,0,20,0,20
779,0,200,0,200
780,0,20,0,20
781,0,200,0,200
782,0,200,0,20
783,0,20,0,200
784,0,20,0,200
785,0,200,0,20
786,0,20,0,20
787,0,20,0,20
788,0,20,0,20
789,0,20,0,20
790,0,20,0,20
791,0,20,0,20
792,0,20,0,20
793,0,20,0,20
794,0,200,0,20
795,0,20,0,200
796,0,20,0,20
797,1,20,0,200
798,0,20,0,20
799,0,20,0,20
800,0,20,0,20
801,0,200,0,20
802,0,20,0,20
803,0,20,0,20
804,0,20,0,20
805,0,200,0,20
806,0,200,0,200
807,0,20,0,200
808,0,20,0,20
809,0,20,0,20
810,0,20,0,20
811,0,20,0,20
812,0,20,0,20
813,0,20,0,20
814,0,20,0,20
815,0,20,0,20
816,0,20,0,20
817,0,200,0,20
818,0,20,0,20
819,0,20,0,200
820,0,20,0,20
821,0,20,0,20
822,0,200,0,200
823,0,200,0,200
824,0,20,0,20
825,0,20,0,200
826,0,200,0,20
827,0,20,0,20
828,0,200,0,20
829,0,20,0,200
830,0,20,0,200
831,0,20,0,200
832,0,20,0,20
833,0,200,0,200
834,0,20,0,20
835,0,20,0,20
836,0,200,0,20
837,0,200,0,200
838,0,200,0,200
839,0,200,0,200
840,0,20,0,200
841,0,20,0,20
842,0,20,0,20
843,0,20,0,200
844,0,20,0,20
845,0,20,0,20
846,0,20,0,20
847,0,20,0,200
848,0,200,0,20
849,0,20,0,200
850,0,20,0,20
851,0,20,0,20
852,0,200,0,20
853,0,20,0,20
854,0,20,0,20
855,0,20,0,20
856,0,20,0,200
857,0,20,0,20
858,0,20,0,200
859,0,20,0,20
860,0,20,0,20
861,0,200,0,20
862,0,20,0,20
863,0,20,0,20
864,0,20,0,20
865,0,20,0,20
866,0,20,0,200
867,0,20,0,200
868,0,200,0,20
869,0,20,0,20
870,0,200,0,200
871,0,20,0,20
872,0,20,0,200
873,0,200,0,20
874,0,20,0,200
875,0,200,0,200
876,0,20,0,200
877,0,20,0,20
878,0,200,0,200
879,0,200,0,20
880,0,200,0,20
881,0,200,0,20
882,0,200,0,200
883,0,20,0,20
884,0,200,0,20
885,0,200,0,20
886,0,20,0,20
887,0,20,0,20
888,0,200,0,20
889,0,200,0,20
890,0,20,0,20
891,0,20,0,200
892,0,20,0,20
893,0,20,0,20
894,0,20,0,20
895,0,20,0,20
896,0,20,0,200
897,0,20,0,200
898,0,20,0,20
899,0,200,0,20
900,0,20,0,20
901,0,200,0,20
902,0,20,0,20
903,0,20,0,20
904,0,200,0,200
905,0,20,0,20
906,0,20,0,20
907,0,20,0,20
908,0,200,0,200
909,0,200,0,20
910,0,200,0,20
911,0,200,1,20
912,0,20,0,20
913,0,200,0,20
914,0,20,0,200
915,0,20,0,200
916,0,20,0,20
917,0,200,0,200
918,0,200,0,20
919,0,200,0,20
920,0,20,0,200
921,0,20,0,20
922,0,20,0,20
923,0,200,0,200
924,0,20,0,200
925,0,20,0,20
926,0,20,0,20
927,0,20,0,20
928,0,20,0,20
929,0,200,1,20
930,0,20,0,20
931,0,20,0,200
932,0,20,0,200
933,0,20,0,200
934,0,20,0,20
935,0,20,0,20
936,0,20,0,20
937,0,200,0,200
938,0,20,0,200
939,0,20,0,20
940,0,20,0,20
941,0,200,0,200
942,0,200,0,20
943,0,20,0,20
944,0,20,0,20
945,0,20,0,20
946,0,20,0,20
947,0,20,0,200
948,0,200,0,200
949,0,200,0,20
950,0,20,0,200
951,0,20,0,20
952,0,20,0,200
953,0,20,0,20
954,0,20,0,20
955,0,20,0,20
956,0,20,0,20
957,0,20,0,20
958,0,20,0,20
959,0,20,0,200
960,0,20,0,20
961,0,200,0,200
962,0,200,0,20
963,0,20,0,200
964,0,20,0,20
965,0,200,0,20
966,0,20,1,20
967,0,200,0,20
968,0,20,0,20
969,0,20,0,20
970,0,20,0,200
971,0,20,0,200
972,0,20,0,20
973,0,200,0,20
974,0,200,0,20
975,0,200,0,20
976,0,20,0,20
977,0,20,0,20
978,0,20,0,20
979,0,20,0,20
980,0,200,0,200
981,0,20,0,200
982,0,20,0,20
983,0,200,0,20
984,0,20,0,200
985,0,20,0,20
986,0,20,0,20
987,0,200,0,20
988,0,20,0,20
989,0,20,0,20
990,0,20,0,20
991,0,20,0,200
992,0,200,0,20
993,0,20,0,20
994,0,20,0,20
995,0,20,0,20
996,0,20,0,200
997,0,200,0,200
998,0,20,0,20
999,0,200,0,20
1000,0,200,0,200
1001,0,200,0,20
1002,0,20,0,20
1003,0,20,0,20
1004,0,20,0,20
1005,0,20,0,20
1006,0,20,0,20
1007,0,20,0,20
1008,0,200,0,200
1009,0,20,0,20
1010,0,200,0,200
1011,0,200,0,20
1012,0,20,0,20
1013,0,20,0,20
1014,0,20,0,20
1015,0,200,0,20
1016,0,20,0,20
1017,0,20,0,200
1018,1,20,0,200
1019,0,20,0,200
1020,0,200,0,20
1021,0,20,0,20
1022,0,20,0,200
1023,0,200,0,200
1024,0,20,0,200
1025,0,20,0,20
1026,0,20,0,20
1027,0,20,0,20
1028,0,20,0,20
1029,0,20,0,20
1030,0,20,0,20
1031,0,20,0,20
1032,0,200,0,200
1033,0,20,0,20
1034,0,200,0,20
1035,0,20,0,20
1036,0,200,0,20
1037,0,20,0,20
1038,0,20,0,200
1039,0,20,0,20
1040,0,20,0,200
1041,0,200,0,20
1042,0,20,0,200
1043,0,200,0,20
1044,0,20,0,20
1045,0,20,0,200
1046,0,200,0,20
1047,0,20,0,20
1048,0,20,0,20
1049,0,20,0,200
1050,0,20,0,20
1051,0,20,0,20
1052,0,20,0,20
1053,0,20,0,200
1054,0,20,0,20
1055,0,20,0,20
1056,0,200,0,200
1057,0,20,0,20
1058,0,20,0,20
1059,0,20,0,20
1060,0,200,0,20
1061,0,20,0,20
1062,0,20,0,20
1063,0,20,0,200
1064,0,20,0,20
1065,0,200,0,20
1066,0,20,0,200
1067,0,20,0,200
1068,0,20,0,20
1069,0,20,0,20
1070,0,20,0,20
1071,0,200,0,20
1072,0,20,0,20
1073,0,20,0,200
1074,0,20,0,20
1075,0,20,0,200
1076,0,20,0,20
1077,0,200,0,200
1078,0,20,0,20
1079,0,200,0,20
1080,0,20,0,20
1081,0,20,0,20
1082,0,20,0,20
1083,0,20,0,200
1084,0,20,0,20
1085,0,200,0,20
1086,0,20,0,20
1087,0,20,0,20
1088,0,20,0,20
1089,0,20,0,200
1090,0,200,0,20
1091,0,20,0,20
1092,0,20,0,20
1093,0,20,0,20
1094,0,20,0,20
1095,0,200,0,200
1096,0,20,0,20
1097,0,20,0,200
1098,0,200,0,20
1099,0,20,0,20
1100,0,20,0,20
1101,0,20,0,20
1102,0,20,0,20
1103,0,20,0,200
1104,0,20,0,20
1105,0,20,0,20
1106,0,20,0,20
1107,0,20,0,20
1108,0,20,0,20
1109,0,20,0,200
1110,0,20,0,200
1111,0,20,0,200
1112,0,200,0,20
1113,0,20,0,20
1114,0,20,0,20
1115,0,20,0,20
1116,0,20,0,200
1117,0,20,0,20
1118,0,20,0,200
1119,0,200,0,20
1120,0,200,0,200
1121,0,20,0,20
1122,0,20,0,200
1123,0,20,0,200
1124,0,20,0,200
1125,0,20,0,20
1126,0,20,0,20
1127,0,200,0,20
1128,0,20,0,200
1129,0,200,0,20
1130,0,20,0,20
1131,0,200,0,200
1132,0,20,0,20
1133,0,20,0,200
1134,0,20,0,20
1135,0,20,0,200
1136,0,20,0,200
1137,0,20,0,20
1138,0,200,0,20
1139,0,200,0,200
1140,0,20,0,20
1141,0,200,0,20
1142,0,20,0,20
1143,0,20,0,20
1144,0,20,0,200
1145,0,200,0,20
1146,0,200,0,20
1147,0,20,0,200
1148,0,200,0,20
1149,0,20,0,20
1150,0,20,0,200
1151,0,20,0,200
1152,0,200,0,20
1153,0,200,0,200
1154,0,20,0,20
1155,0,200,0,200
1156,0,200,0,20
1157,0,200,0,200
1158,0,20,0,20
1159,0,20,0,20
1160,0,200,0,20
1161,0,20,0,20
1162,0,20,0,200
1163,0,20,0,20
1164,0,20,0,200
1165,0,20,0,20
1166,0,20,0,20
1167,0,20,0,200
1168,0,20,0,200
1169,0,200,0,20
1170,0,20,0,200
1171,0,200,0,200
1172,0,20,0,200
1173,0,20,0,20
1174,0,200,0,200
1175,0,200,0,20
1176,0,20,0,20
1177,0,20,0,200
1178,0,20,0,20
1179,0,200,0,20
1180,0,200,0,20
1181,0,20,0,20
1182,0,20,0,200
1183,0,200,0,20
1184,0,20,0,20
1185,0,200,0,20
1186,0,200,0,200
1187,0,20,0,20
1188,0,200,0,20
1189,0,20,0,20
1190,0,20,0,20
1191,0,20,0,20
1192,0,20,0,200
1193,0,20,0,200
1194,0,20,0,200
1195,0,20,0,200
1196,0,20,0,20
1197,0,20,0,20
1198,0,20,0,20
1199,0,20,0,200
1200,0,200,0,20
1201,0,200,0,20
1202,0,20,0,20
1203,0,20,0,200
1204,0,20,0,200
1205,0,20,0,20
1206,0,20,0,20
1207,0,20,0,200
1208,0,20,0,20
1209,0,200,0,20
1210,0,20,0,20
1211,0,20,0,20
1212,0,20,0,200
1213,0,20,0,200
1214,1,20,0,20
1215,0,20,0,200
1216,0,20,0,20
1217,0,20,0,20
1218,0,20,0,20
1219,0,20,0,20
1220,0,20,0,20
1221,0,20,0,20
1222,0,20,0,20
1223,0,200,0,200
1224,0,200,0,20
1225,0,20,0,20
1226,0,20,0,20
1227,0,20,0,20
1228,0,200,0,200
1229,0,20,0,20
1230,0,20,0,200
1231,0,20,0,20
1232,0,20,0,20
1233,0,200,0,20
1234,0,20,0,20
1235,0,20,0,20
1236,0,20,0,20
1237,0,200,0,200
1238,0,200,0,200
1239,0,20,0,20
1240,0,200,0,20
1241,0,200,0,20
1242,0,20,0,20
1243,0,20,0,200
1244,0,20,0,200
1245,0,20,0,20
1246,0,20,0,20
1247,0,20,0,200
1248,0,20,0,20
1249,0,200,0,20
1250,0,200,0,200
1251,0,200,0,20
1252,0,20,0,200
1253,0,200,0,20
1254,0,200,0,20
1255,0,20,0,200
1256,0,20,0,20
1257,0,20,0,20
1258,0,20,0,20
1259,0,200,0,20
1260,0,20,0,200
1261,0,20,0,20
1262,0,20,0,20
1263,0,20,0,20
1264,0,200,0,200
1265,0,200,0,200
1266,0,20,0,20
1267,0,200,0,20
1268,0,20,0,200
1269,0,20,0,200
1270,0,20,0,20
1271,0,20,0,20
1272,0,20,0,20
1273,0,20,0,20
1274,0,200,0,20
1275,0,20,0,20
1276,0,20,0,200
1277,0,200,0,20
1278,0,20,0,200
1279,0,20,0,20
1280,0,20,0,20
1281,0,200,0,20
1282,0,20,0,20
1283,0,20,0,20
1284,0,200,0,20
1285,0,200,0,200
1286,0,200,0,20
1287,0,200,0,20
1288,0,20,0,200
1289,0,20,0,20
1290,0,20,0,20
1291,0,20,0,20
1292,0,20,0,200
1293,0,20,0,20
1294,0,20,0,20
1295,0,20,0,200
1296,0,20,0,20
1297,0,20,0,200
1298,0,200,0,20
1299,0,20,0,20
1300,0,20,1,200
1301,0,200,0,20
1302,0,200,0,20
1303,0,20,0,200
1304,0,20,0,20
1305,0,20,0,20
1306,0,200,0,20
1307,0,20,0,20
1308,0,200,0,20
1309,0,20,0,20
1310,0,20,0,200
1311,0,20,0,20
1312,0,20,0,200
1313,0,20,0,200
1314,0,20,0,200
1315,0,20,0,200
1316,0,20,0,200
1317,0,20,0,20
1318,0,20,0,20
1319,0,20,0,200
1320,0,20,0,20
1321,0,20,0,20
1322,0,20,0,20
1323,0,200,0,20
1324,0,20,0,20
1325,0,20,0,20
1326,0,200,0,20
1327,0,20,0,200
1328,0,200,0,200
1329,0,20,0,20
1330,0,20,0,20
1331,0,20,0,20
1332,0,200,0,200
1333,0,20,0,20
1334,0,20,0,20
1335,0,20,0,20
1336,0,20,0,20
1337,0,20,0,20
1338,0,20,0,200
1339,0,20,0,20
1340,0,20,0,20
1341,0,20,0,200
1342,0,20,0,20
1343,0,20,0,20
1344,0,20,0,200
1345,0,20,0,200
1346,0,20,0,200
1347,0,20,0,200
1348,0,20,0,200
1349,0,20,0,20
1350,0,20,0,200
1351,0,200,0,20
1352,0,20,0,20
1353,1,20,0,20
1354,1,200,0,20
1355,0,20,0,20
1356,0,20,0,20
1357,0,20,0,20
1358,0,20,0,20
1359,0,20,0,200
1360,0,20,0,20
1361,0,20,0,20
1362,0,200,0,200
1363,0,20,0,20
1364,0,20,0,200
1365,0,200,0,20
1366,0,200,0,20
1367,0,20,0,20
1368,0,20,0,20
1369,0,20,0,20
1370,0,20,0,20
1371,0,200,0,20
1372,0,20,0,20
1373,0,20,0,20
1374,0,20,0,20
1375,0,20,0,200
1376,0,20,0,20
1377,0,20,0,20
1378,0,20,0,20
1379,0,20,0,20
1380,0,200,0,200
1381,0,20,0,20
1382,0,20,0,20
1383,0,20,0,200
1384,0,20,0,20
1385,0,200,0,20
1386,0,20,0,20
1387,0,20,0,20
1388,0,200,0,20
1389,0,20,0,20
1390,0,200,0,20
1391,0,200,0,20
1392,0,200,0,20
1393,0,20,0,20
1394,0,200,0,20
1395,0,20,0,20
1396,0,20,0,20
1397,0,200,0,20
1398,0,20,0,20
1399,0,20,0,200
1400,0,20,0,200
1401,0,20,0,200
1402,0,200,0,200
1403,0,20,0,20
1404,0,200,0,20
1405,0,20,1,200
1406,0,20,0,200
1407,0,200,0,20
1408,0,200,0,20
1409,0,200,0,200
1410,0,200,0,20
1411,0,20,1,20
1412,0,200,0,20
1413,0,20,0,20
1414,0,20,0,20
1415,0,20,0,200
1416,0,20,0,20
1417,0,20,0,200
1418,0,20,0,20
1419,0,200,0,200
1420,0,200,0,20
1421,0,20,0,20
1422,0,20,0,200
1423,0,200,0,20
1424,0,200,0,20
1425,0,20,0,200
1426,0,20,0,20
1427,0,20,0,20
1428,0,20,0,20
1429,0,20,0,200
1430,0,200,0,20
1431,0,20,0,20
1432,0,200,0,20
1433,1,200,0,20
1434,0,20,0,200
1435,0,20,0,20
1436,0,200,0,20
1437,0,200,0,20
1438,0,20,0,20
1439,0,200,0,20
1440,0,20,0,20
1441,0,200,0,20
1442,0,20,0,20
1443,0,20,0,20
1444,0,20,0,200
1445,0,20,0,20
1446,0,20,0,20
1447,0,20,0,20
1448,0,20,0,20
1449,0,200,0,20
1450,0,20,0,200
1451,0,200,0,20
1452,0,20,0,200
1453,0,20,0,20
1454,0,20,0,20
1455,0,200,0,20
1456,0,20,0,20
1457,0,200,0,20
1458,0,20,0,20
1459,0,20,0,20
1460,0,20,0,200
1461,0,200,0,20
1462,0,200,0,20
1463,0,200,0,20
1464,0,20,0,20
1465,0,20,0,20
1466,0,20,0,20
1467,0,20,0,200
1468,0,200,0,20
1469,0,200,0,20
1470,0,20,0,20
1471,0,20,0,20
1472,0,20,0,20
1473,0,200,0,200
1474,0,20,0,20
1475,0,200,0,200
1476,0,200,0,20
1477,0,20,0,20
1478,0,20,0,20
1479,0,20,0,20
1480,0,20,0,20
1481,0,20,0,20
1482,0,200,0,20
1483,0,200,0,20
1484,0,200,0,200
1485,0,20,0,20
1486,0,200,0,20
1487,0,20,0,20
1488,0,20,0,20
1489,0,200,0,200
1490,0,20,0,20
1491,0,20,0,20
1492,0,20,0,20
1493,0,20,0,20
1494,0,20,0,20
1495,0,200,0,20
1496,0,20,0,20
1497,0,20,0,20
1498,0,20,1,200
1499,0,200,0,20
1500,0,20,0,20
1501,0,20,0,20
1502,0,200,0,200
1503,0,20,0,20
1504,0,200,0,200
1505,0,20,0,200
1506,0,20,0,200
1507,0,20,0,20
1508,0,200,0,20
1509,0,20,0,200
1510,0,200,0,20
1511,0,20,0,200
1512,0,20,0,200
1513,0,20,0,200
1514,0,200,0,20
1515,0,20,0,20
1516,0,20,1,20
1517,0,20,0,200
1518,0,20,0,20
1519,0,200,0,20
1520,0,20,0,20
1521,0,20,0,20
1522,0,20,0,200
1523,0,20,0,20
1524,0,20,0,200
1525,0,200,0,20
1526,0,20,0,200
1527,0,200,0,20
1528,0,20,0,200
1529,0,20,0,200
1530,0,20,0,20
1531,0,200,0,20
1532,0,20,0,20
1533,0,200,0,20
1534,0,20,0,20
1535,0,20,0,20
1536,0,200,0,200
1537,0,200,1,200
1538,0,20,0,20
1539,0,20,0,20
1540,0,200,0,20
1541,0,20,0,20
1542,0,20,0,20
1543,0,20,0,20
1544,0,200,0,20
1545,0,20,0,20
1546,0,200,0,20
1547,0,20,0,20
1548,0,20,0,20
1549,0,20,0,20
1550,0,20,0,20
1551,0,20,0,20
1552,0,200,0,20
1553,0,20,0,20
1554,0,20,0,20
1555,0,20,0,200
1556,0,20,0,20
1557,0,200,0,20
1558,0,200,0,200
1559,0,200,0,20
1560,0,200,0,20
1561,0,200,0,20
1562,0,200,0,20
1563,0,20,0,20
1564,0,20,0,200
1565,0,20,0,20
1566,0,200,0,20
1567,0,20,0,20
1568,0,20,0,20
1569,0,20,0,20
1570,0,20,0,20
1571,0,20,0,20
1572,0,20,0,20
1573,0,20,0,200
1574,0,20,0,20
1575,0,20,0,200
1576,0,20,0,20
1577,0,20,0,20
1578,0,20,0,200
1579,0,20,0,20
1580,0,20,0,200
1581,0,20,0,200
1582,0,20,0,200
1583,0,200,0,20
1584,0,20,1,20
1585,0,20,0,20
1586,0,20,0,20
1587,0,20,0,20
1588,0,200,0,20
1589,0,20,0,20
1590,0,200,0,20
1591,0,200,0,20
1592,0,20,0,20
1593,0,200,0,20
1594,0,20,0,200
1595,0,20,0,200
1596,0,20,0,20
1597,0,200,0,20
1598,0,20,0,20
1599,0,20,0,20
1600,0,20,0,200
1601,0,20,0,20
1602,0,20,0,20
1603,0,20,0,200
1604,0,20,0,20
1605,0,200,0,200
1606,0,20,0,20
1607,0,20,0,20
1608,0,200,0,20
1609,0,200,0,20
1610,0,20,0,20
1611,0,200,0,20
1612,0,20,0,20
1613,0,20,0,20
1614,0,20,0,20
1615,0,20,0,20
1616,0,200,0,20
1617,0,20,0,20
1618,0,20,0,20
1619,0,200,0,20
1620,0,20,0,20
1621,0,200,0,20
1622,0,20,0,20
1623,0,20,0,20
1624,0,200,0,20
1625,0,20,0,20
1626,0,20,0,200
1627,0,20,0,20
1628,0,20,0,20
1629,0,20,0,20
1630,0,200,0,20
1631,0,20,0,200
1632,0,20,0,20
1633,0,20,0,20
1634,0,200,0,20
1635,0,20,0,20
1636,0,20,0,20
1637,0,200,0,20
1638,0,200,0,200
1639,0,20,0,20
1640,0,200,0,20
1641,0,20,0,20
1642,0,20,0,20
1643,0,20,0,20
1644,0,200,0,20
1645,0,200,0,20
1646,0,20,0,200
1647,0,200,0,20
1648,0,200,0,20
1649,0,200,0,20
1650,0,200,0,20
1651,0,20,0,20
1652,0,20,0,20
1653,0,20,0,20
1654,0,20,0,20
1655,0,20,0,20
1656,0,20,0,20
1657,0,20,0,20
1658,0,200,0,20
1659,0,200,0,20
1660,0,20,0,200
1661,0,20,0,20
1662,0,20,0,200
1663,0,20,0,200
1664,0,20,0,20
1665,0,20,0,200
1666,0,20,0,20
1667,0,20,0,20
1668,0,200,0,20
1669,0,20,0,200
1670,0,20,0,20
1671,0,20,0,200
1672,0,20,0,20
1673,0,20,0,20
1674,0,20,0,20
1675,0,20,0,20
1676,0,20,0,20
1677,0,200,0,200
1678,0,20,0,200
1679,0,20,0,20
1680,0,200,0,20
1681,0,20,0,20
1682,0,20,0,200
1683,0,200,0,200
1684,0,20,0,200
1685,0,200,0,20
1686,0,20,1,20
1687,0,200,0,20
1688,0,20,0,20
1689,0,200,0,20
1690,0,20,0,20
1691,0,20,0,200
1692,0,20,0,20
1693,0,20,0,20
1694,0,20,0,20
1695,0,20,0,200
1696,0,20,0,20
1697,0,20,0,20
1698,0,200,0,20
1699,0,200,0,200
1700,0,20,0,20
1701,0,200,0,200
1702,0,20,0,20
1703,0,20,0,20
1704,0,200,0,20
1705,0,20,0,20
1706,0,20,0,200
1707,0,20,0,20
1708,0,20,0,20
1709,0,20,0,20
1710,0,20,0,20
1711,0,20,0,20
1712,0,20,0,20
1713,0,20,0,20
1714,0,20,0,200
1715,0,200,0,20
1716,0,200,0,20
1717,0,20,0,20
1718,0,20,0,20
1719,0,200,0,20
1720,0,20,0,20
1721,0,200,0,200
1722,0,20,0,20
1723,0,20,0,20
1724,0,200,0,20
1725,0,200,0,20
1726,0,20,0,200
1727,1,20,0,20
1728,0,20,0,20
1729,0,200,0,200
1730,0,20,0,200
1731,0,20,0,200
1732,0,200,0,20
1733,0,20,0,20
1734,0,200,0,20
1735,0,20,0,20
1736,0,20,0,200
1737,0,20,0,20
1738,0,20,0,20
1739,0,20,0,20
1740,0,20,0,20
1741,0,200,0,200
1742,0,20,0,20
1743,0,200,0,200
1744,0,20,0,20
1745,0,200,0,20
1746,0,20,0,20
1747,0,20,0,20
1748,0,20,0,200
1749,0,200,0,200
1750,0,20,0,200
1751,0,20,0,20
1752,0,200,0,20
1753,0,20,0,20
1754,0,200,0,20
1755,0,20,0,20
1756,0,20,0,200
1757,0,20,0,20
1758,0,20,0,20
1759,0,20,0,200
1760,0,200,0,20
1761,0,20,0,200
1762,0,20,0,20
1763,0,20,0,200
1764,0,20,0,200
1765,0,20,0,20
1766,0,20,1,20
1767,0,20,0,200
1768,0,200,0,20
1769,0,200,0,20
1770,0,200,0,20
1771,0,20,0,20
1772,0,20,0,200
1773,0,200,0,20
1774,0,200,0,20
1775,0,200,0,20
1776,0,20,0,20
1777,0,20,0,20
1778,0,20,0,200
1779,0,20,0,200
1780,0,20,0,20
1781,0,20,1,20
1782,0,20,0,200
1783,0,20,0,20
1784,0,20,0,20
1785,0,200,0,20
1786,0,200,0,200
1787,0,200,0,20
1788,0,20,0,200
1789,0,200,0,20
1790,0,20,0,200
1791,0,200,0,200
1792,0,200,0,200
1793,0,20,0,20
1794,0,20,0,200
1795,0,200,0,200
1796,0,20,0,20
1797,0,200,0,20
1798,0,20,0,20
1799,0,20,0,20
1800,0,20,0,20
1801,0,20,0,20
1802,0,20,0,20
1803,0,20,0,20
1804,0,200,1,20
1805,0,20,0,20
1806,0,20,0,200
1807,0,200,0,20
1808,0,200,0,20
1809,0,20,0,200
1810,0,20,0,20
1811,0,20,0,20
1812,0,200,0,20
1813,0,20,0,20
1814,0,20,0,200
1815,0,20,0,20
1816,0,200,0,200
1817,0,200,0,20
1818,0,20,0,20
1819,0,200,0,20
1820,0,200,0,200
1821,0,20,0,20
1822,0,20,0,20
1823,0,20,0,20
1824,0,200,0,200
1825,0,20,0,20
1826,0,20,0,20
1827,0,200,0,200
1828,0,20,0,20
1829,0,200,0,20
1830,0,20,0,20
1831,0,200,0,20
1832,0,200,0,20
1833,0,20,0,20
1834,0,20,0,20
1835,0,20,0,200
1836,0,200,0,20
1837,0,200,0,20
1838,0,200,0,200
1839,0,20,0,20
1840,0,20,0,200
1841,0,20,0,20
1842,0,200,0,20
1843,0,20,0,20
1844,0,20,1,20
1845,0,20,0,20
1846,0,20,0,20
1847,0,20,0,200
1848,0,20,0,20
1849,0,20,0,20
1850,0,20,0,200
1851,0,20,0,20
1852,0,20,0,200
1853,0,200,0,20
1854,0,200,0,200
1855,0,200,0,20
1856,0,20,0,200
1857,0,200,0,20
1858,0,20,0,20
1859,0,200,0,20
1860,0,20,0,200
1861,0,20,0,200
1862,0,20,0,20
1863,0,200,0,200
1864,0,200,0,20
1865,0,20,1,20
1866,0,20,0,20
1867,0,200,0,200
1868,0,20,0,20
1869,0,20,0,200
1870,0,20,0,20
1871,0,20,0,20
1872,0,20,0,20
1873,0,20,0,200
1874,0,200,0,20
1875,0,200,1,200
1876,0,200,0,200
1877,0,20,0,20
1878,0,200,0,20
1879,0,20,0,20
1880,0,20,0,200
1881,0,20,0,20
1882,0,20,0,20
1883,0,20,0,20
1884,1,20,0,20
1885,0,20,0,20
1886,0,200,0,20
1887,0,20,0,20
1888,0,20,0,200
1889,0,200,0,200
1890,0,20,1,20
1891,0,20,0,20
1892,0,20,0,20
1893,0,200,0,20
1894,0,20,0,20
1895,0,20,0,200
1896,0,20,0,20
1897,0,200,0,200
1898,0,20,0,200
1899,0,200,0,20
1900,0,20,0,20
1901,0,20,0,20
1902,0,20,0,20
1903,1,20,0,20
1904,0,20,0,20
1905,0,20,0,20
1906,0,20,0,20
1907,0,20,0,20
1908,0,200,0,20
1909,0,20,0,200
1910,0,20,0,20
1911,0,20,0,20
1912,0,20,0,20
1913,0,20,0,20
1914,0,20,0,20
1915,0,20,0,20
1916,0,20,0,20
1917,0,200,0,200
1918,0,20,0,20
1919,0,20,0,200
1920,0,20,0,20
1921,0,20,0,20
1922,0,20,0,20
1923,0,200,0,20
1924,0,20,0,200
1925,0,20,0,20
1926,0,200,0,20
1927,0,20,0,200
1928,0,20,0,20
1929,0,200,0,20
1930,0,20,0,20
1931,0,20,0,20
1932,0,20,1,20
1933,0,20,0,20
1934,0,20,0,20
1935,0,20,0,20
1936,0,200,0,200
1937,0,20,0,20
1938,0,20,0,20
1939,0,20,0,20
1940,0,200,0,20
1941,0,20,0,20
1942,0,200,0,20
1943,0,20,0,20
1944,0,20,0,200
1945,0,200,0,200
1946,0,20,0,20
1947,0,20,0,200
1948,0,200,0,20
1949,0,200,0,200
1950,0,200,0,20
1951,0,20,0,20
1952,0,20,0,20
1953,0,20,0,20
1954,0,20,0,200
1955,0,20,0,200
1956,0,200,0,200
1957,0,20,0,200
1958,0,20,0,200
1959,0,20,0,20
1960,0,20,0,20
1961,0,200,0,20
1962,0,20,0,20
1963,0,20,0,20
1964,0,20,0,20
1965,0,20,0,200
1966,0,200,0,200
1967,0,20,0,20
1968,0,20,0,200
1969,0,20,0,20
1970,0,200,0,20
1971,0,200,0,20
1972,0,20,0,20
1973,0,200,0,20
1974,0,200,0,20
1975,0,200,0,20
1976,0,20,0,20
1977,0,20,0,20
1978,0,20,0,20
1979,0,200,0,200
1980,0,200,0,20
1981,0,200,0,200
1982,0,20,0,200
1983,0,200,0,20
1984,0,20,0,200
1985,0,200,0,20
1986,0,20,0,20
1987,0,20,0,20
1988,0,20,0,20
1989,0,20,0,20
1990,0,20,0,200
1991,0,20,0,200
1992,0,20,0,20
1993,0,20,0,20
1994,0,20,0,20
1995,0,20,0,20
1996,0,200,1,20
1997,0,200,0,200
1998,0,20,0,20
1999,0,200,0,20
2000,0,20,0,20
2001,0,20,0,20
2002,0,20,0,20
2003,0,20,0,20
2004,0,20,0,20
2005,0,20,0,20
2006,0,20,0,20
2007,0,20,0,20
2008,0,200,0,20
2009,0,200,0,20
2010,0,20,0,20
2011,0,20,0,20
2012,0,20,0,20
2013,0,200,0,20
2014,0,20,0,20
2015,0,20,0,200
2016,0,200,0,200
2017,0,20,0,20
2018,0,200,0,20
2019,0,20,0,200
2020,0,20,0,20
2021,0,20,0,20
2022,0,20,0,20
2023,0,20,0,20
2024,0,20,0,200
2025,0,200,0,20
2026,0,20,0,20
2027,0,20,0,200
2028,0,20,0,200
2029,0,20,0,20
2030,0,20,0,200
2031,0,200,0,20
2032,0,200,0,20
2033,0,200,0,20
2034,0,200,0,20
2035,0,20,0,20
2036,0,20,0,200
2037,0,200,0,20
2038,0,20,0,20
2039,0,20,0,200
2040,0,20,0,20
2041,0,200,0,200
2042,0,20,0,20
2043,0,20,0,20
2044,0,200,0,200
2045,0,20,0,200
2046,0,200,0,20
2047,0,20,0,20
2048,0,20,0,20
2049,0,20,0,200
2050,0,20,0,200
2051,0,20,0,20
2052,0,20,0,20
2053,0,20,0,20
2054,0,20,0,200
2055,0,20,0,20
2056,0,200,0,20
2057,0,20,0,20
2058,0,20,0,20
2059,0,20,0,20
2060,0,20,0,200
2061,0,20,0,20
2062,0,20,0,200
2063,0,20,0,20
2064,0,200,0,20
2065,0,200,0,20
2066,0,20,0,20
2067,0,20,0,20
2068,0,20,0,200
2069,0,200,0,200
2070,0,200,0,200
2071,0,200,0,20
2072,0,20,0,200
2073,0,20,0,20
2074,0,200,0,20
2075,0,20,0,20
2076,0,20,0,20
2077,0,20,0,200
2078,0,200,0,20
2079,0,200,0,20
2080,0,200,0,20
2081,0,200,0,200
2082,0,20,0,20
2083,1,20,0,20
2084,0,20,0,200
2085,0,20,0,200
2086,0,20,0,20
2087,0,200,0,20
2088,0,200,0,20
2089,0,20,0,20
2090,0,20,0,20
2091,0,200,0,20
2092,0,20,0,20
2093,0,20,0,20
2094,0,20,0,20
2095,0,20,0,20
2096,0,20,0,20
2097,0,20,0,200
2098,0,20,1,20
2099,0,200,0,200
2100,0,20,0,20
2101,0,200,0,20
2102,0,20,0,20
2103,0,20,0,20
2104,0,20,0,20
2105,0,200,0,20
2106,0,20,0,20
2107,0,20,0,200
2108,0,200,0,200
2109,0,200,0,200
2110,0,20,0,20
2111,0,20,0,20
2112,0,20,0,20
2113,1,20,0,20
2114,0,20,0,20
2115,0,200,0,20
2116,0,20,0,200
2117,0,20,0,200
2118,0,20,0,20
2119,0,20,0,20
2120,0,20,0,200
2121,0,20,0,200
2122,0,20,0,20
2123,0,20,0,20
2124,0,200,0,20
2125,0,20,0,200
2126,0,20,0,200
2127,0,20,0,20
2128,0,20,0,200
2129,0,20,0,20
2130,0,20,0,20
2131,0,20,0,20
2132,0,20,0,200
2133,0,20,0,20
2134,0,20,0,200
2135,0,20,0,20
2136,0,20,1,200
2137,0,20,0,20
2138,0,20,0,20
2139,0,20,0,20
2140,0,20,0,200
2141,0,20,0,20
2142,0,200,0,20
2143,0,20,0,200
2144,0,20,0,200
2145,0,200,0,20
2146,0,200,0,20
2147,0,20,0,200
2148,0,200,0,200
2149,0,20,0,20
2150,0,200,0,200
2151,0,20,0,20
2152,0,200,0,20
2153,0,20,0,20
2154,0,20,0,20
2155,0,20,0,20
2156,0,200,0,20
2157,0,20,0,20
2158,0,200,0,20
2159,0,20,0,20
2160,0,20,0,200
2161,0,200,0,20
2162,0,20,0,20
2163,0,200,0,20
2164,0,20,0,20
2165,0,20,0,200
2166,0,20,0,20
2167,0,200,0,200
2168,0,20,0,20
2169,0,20,0,200
2170,0,20,0,200
2171,0,20,0,20
2172,0,200,0,20
2173,0,20,0,20
2174,0,20,0,20
2175,0,20,0,200
2176,0,20,0,20
2177,0,20,0,20
2178,0,20,0,20
2179,0,20,0,200
2180,0,200,0,20
2181,0,20,0,20
2182,0,200,0,20
2183,0,200,0,20
2184,0,20,0,20
2185,0,20,0,20
2186,0,200,0,20
2187,0,20,0,20
2188,0,200,0,20
2189,0,20,0,200
2190,0,20,0,200
2191,0,20,0,20
2192,0,20,1,200
2193,0,20,0,200
2194,0,20,0,20
2195,0,20,0,200
2196,0,20,0,20
2197,0,200,0,20
2198,0,20,0,20
2199,0,200,0,20
2200,0,20,0,20
2201,0,20,0,200
2202,0,20,0,20
2203,0,20,0,20
2204,0,20,0,20
2205,0,20,0,20
2206,0,20,0,200
2207,0,20,0,20
2208,0,20,0,20
2209,0,20,0,200
2210,0,20,0,200
2211,0,200,0,200
2212,0,200,0,20
2213,0,20,0,20
2214,0,20,0,20
2215,0,200,0,20
2216,0,200,0,20
2217,0,20,0,20
2218,0,20,0,200
2219,0,20,0,20
2220,0,20,0,20
2221,0,20,0,200
2222,0,200,0,20
2223,0,200,0,20
2224,0,20,0,20
2225,0,200,0,200
2226,0,20,0,20
2227,0,20,0,20
2228,0,20,0,20
2229,0,20,0,200
2230,0,200,0,200
2231,0,20,0,200
2232,0,20,0,20
2233,0,20,0,200
2234,0,200,0,20
2235,0,20,0,20
2236,0,20,0,20
2237,0,20,0,20
2238,0,20,0,20
2239,0,200,0,200
2240,0,200,0,200
2241,0,200,0,20
2242,0,20,0,20
2243,0,20,0,20
2244,0,200,0,20
2245,0,20,0,200
2246,0,200,0,200
2247,0,20,0,200
2248,0,20,0,200
2249,0,20,0,20
2250,0,20,0,200
2251,0,20,0,20
2252,0,200,0,200
2253,0,20,0,20
2254,0,20,0,20
2255,0,200,0,20
2256,0,20,0,20
2257,0,200,0,20
2258,1,200,0,20
2259,0,20,0,200
2260,0,20,0,20
2261,0,200,0,20
2262,0,20,0,200
2263,0,200,0,200
2264,0,20,0,20
2265,0,20,0,20
2266,0,20,0,20
2267,0,200,0,20
2268,0,20,0,200
2269,0,20,0,200
2270,0,20,0,20
2271,0,20,0,20
2272,0,20,0,200
2273,0,200,0,20
2274,0,20,0,20
2275,0,200,0,20
2276,0,200,0,20
2277,0,20,0,20
2278,0,20,0,200
2279,0,20,0,20
2280,0,200,0,200
2281,0,200,0,200
2282,0,200,0,20
2283,0,20,0,20
2284,0,20,0,20
2285,0,20,0,200
2286,0,20,0,200
2287,0,20,0,20
2288,0,20,0,20
2289,0,20,0,20
2290,0,20,0,20
2291,0,20,0,20
2292,0,20,0,200
2293,0,20,1,20
2294,0,20,0,200
2295,0,20,0,200
2296,0,20,0,20
2297,0,20,0,200
2298,0,20,0,200
2299,0,20,0,20
2300,0,20,0,20
2301,0,20,0,20
2302,0,200,0,20
2303,0,20,0,20
2304,0,20,0,200
2305,0,20,0,200
2306,0,200,0,20
2307,0,20,0,20
2308,0,200,0,20
2309,0,200,0,20
2310,0,20,0,200
2311,0,200,0,20
2312,0,200,0,200
2313,0,200,0,20
2314,0,20,0,20
2315,0,20,0,20
2316,0,20,0,200
2317,0,200,0,20
2318,0,20,0,200
2319,0,200,0,20
2320,0,20,0,20
2321,0,20,0,20
2322,0,20,0,20
2323,0,20,0,20
2324,0,20,0,20
2325,0,200,0,200
2326,0,20,0,200
2327,0,200,0,20
2328,0,20,0,20
2329,0,20,0,200
2330,0,20,0,200
2331,0,20,1,20
2332,0,200,0,20
2333,0,20,0,200
2334,0,200,0,20
2335,0,20,0,20
2336,0,200,0,20
2337,0,20,0,200
2338,0,200,0,200
2339,0,200,0,20
2340,0,200,0,200
2341,0,20,0,200
2342,0,200,0,20
2343,0,20,0,20
2344,0,20,0,200
2345,0,20,0,20
2346,0,20,0,20
2347,0,20,0,20
2348,0,20,0,20
2349,0,20,0,200
2350,0,200,0,20
2351,0,20,0,20
2352,0,20,0,200
2353,0,20,0,20
2354,0,20,0,20
2355,0,200,0,20
2356,0,200,0,20
2357,0,200,0,20
2358,0,200,0,20
2359,0,20,0,20
2360,0,20,0,200
2361,0,200,0,20
2362,0,20,0,20
2363,0,20,0,20
2364,0,20,0,200
2365,0,20,0,200
2366,0,20,0,20
2367,0,200,0,20
2368,0,20,0,20
2369,0,20,0,20
2370,0,200,0,200
2371,0,20,0,20
2372,0,200,0,20
2373,0,20,0,20
2374,0,200,0,20
2375,0,20,0,20
2376,0,20,0,20
2377,0,20,0,20
2378,0,20,0,20
2379,0,20,0,20
2380,0,200,0,20
2381,0,20,0,20
2382,0,20,0,20
2383,0,200,0,20
2384,0,20,0,200
2385,0,20,0,20
2386,0,20,0,20
2387,0,20,0,20
2388,0,20,0,200
2389,0,20,0,20
2390,0,20,0,20
2391,0,20,0,20
2392,0,200,0,200
2393,0,20,0,20
2394,0,200,0,20
2395,0,20,0,20
2396,0,20,0,200
2397,0,20,0,20
2398,0,20,0,200
2399,0,200,0,20
2400,0,20,0,20
2401,0,20,0,20
2402,0,20,0,20
2403,0,20,0,20
2404,0,20,0,200
2405,0,200,0,20
2406,0,20,0,20
2407,0,20,0,20
2408,0,200,0,20
2409,0,20,0,20
2410,0,200,0,20
2411,0,200,0,20
2412,0,20,0,200
2413,0,20,1,20
2414,0,200,0,200
2415,0,20,0,20
2416,0,200,0,20
2417,0,200,0,20
2418,0,200,0,20
2419,0,20,0,20
2420,0,20,0,200
2421,1,200,0,20
2422,0,200,0,20
2423,0,20,0,200
2424,0,20,0,20
2425,0,20,0,20
2426,0,200,0,20
2427,0,200,1,20
2428,0,200,0,20
2429,0,20,0,200
2430,0,200,0,200
2431,0,20,0,20
2432,0,20,0,20
2433,0,20,0,200
2434,0,200,0,20
2435,0,200,0,200
2436,0,20,0,200
2437,0,20,0,20
2438,0,20,0,20
2439,0,20,0,20
2440,0,20,0,20
2441,0,200,0,20
2442,0,20,0,20
2443,0,20,0,20
2444,0,20,0,200
2445,0,200,0,200
2446,0,200,0,200
2447,0,20,0,200
2448,0,200,0,20
2449,0,20,0,200
2450,0,20,0,20
2451,0,20,0,200
2452,0,20,0,20
2453,0,20,0,200
2454,0,20,0,20
2455,0,200,0,20
2456,0,200,0,200
2457,0,200,0,200
2458,0,200,0,200
2459,0,20,0,20
2460,0,200,0,200
2461,0,20,0,200
2462,0,20,0,200
2463,0,200,0,200
2464,0,200,0,20
2465,0,20,0,20
2466,0,20,0,200
2467,0,200,0,20
2468,0,20,0,20
2469,0,20,0,200
2470,0,20,0,20
2471,0,20,0,200
2472,0,20,0,20
2473,0,200,0,20
2474,0,20,0,20
2475,0,200,0,200
2476,0,20,1,20
2477,0,20,0,20
2478,0,20,0,20
2479,0,20,0,20
2480,0,20,0,200
2481,0,20,0,200
2482,0,20,0,20
2483,0,20,0,20
2484,0,20,0,20
2485,0,20,0,20
2486,0,20,0,20
2487,0,20,0,20
2488,0,20,0,200
2489,0,200,0,20
2490,0,20,0,20
2491,0,200,0,200
2492,0,200,0,20
2493,0,20,0,20
2494,0,20,0,200
2495,0,20,0,20
2496,0,20,0,200
2497,0,20,0,20
2498,0,200,0,200
2499,0,200,0,20
2500,0,20,0,20
2501,0,20,0,20
2502,0,20,0,20
2503,0,200,0,200
2504,0,20,0,20
2505,0,200,0,20
2506,0,20,0,20
2507,0,20,0,20
2508,0,20,0,20
2509,0,200,0,20
2510,0,200,0,20
2511,0,20,0,200
2512,0,20,0,200
2513,0,20,0,20
2514,0,20,0,20
2515,0,20,0,20
2516,0,200,0,20
2517,0,20,0,20
2518,0,20,0,20
2519,0,20,0,20
2520,0,20,0,20
2521,0,200,0,200
2522,0,20,0,200
2523,0,20,0,20
2524,0,20,0,200
2525,0,200,0,200
2526,0,20,0,200
2527,0,20,0,200
2528,0,20,0,20
2529,0,20,0,20
2530,0,20,0,20
2531,0,200,0,20
2532,0,20,0,20
2533,0,20,0,200
2534,0,200,0,20
2535,0,200,0,20
2536,0,200,0,20
2537,0,20,0,20
2538,0,20,0,20
2539,0,20,0,20
2540,0,200,0,20
2541,0,200,0,20
2542,0,200,0,20
2543,0,20,0,20
2544,0,20,0,20
2545,0,200,0,20
2546,0,200,0,20
2547,0,20,0,20
2548,0,200,0,20
2549,0,20,0,20
2550,0,20,0,200
2551,0,20,0,20
2552,0,20,0,200
2553,0,200,0,200
2554,0,200,0,20
2555,0,20,0,20
2556,0,20,0,20
2557,0,200,0,20
2558,0,20,0,20
2559,0,200,0,200
2560,1,20,0,200
2561,1,200,0,200
2562,0,20,0,20
2563,0,20,0,20
2564,0,20,0,200
2565,0,200,0,20
2566,0,20,0,20
2567,0,20,0,20
2568,0,20,0,20
2569,0,20,0,200
2570,0,20,0,20
2571,0,20,0,20
2572,0,20,0,20
2573,0,200,0,20
2574,0,20,0,200
2575,0,200,0,200
2576,0,20,0,20
2577,0,20,0,20
2578,0,20,0,20
2579,0,20,0,200
2580,0,200,0,20
2581,0,20,0,20
2582,0,200,0,20
2583,0,20,0,200
2584,0,20,0,20
2585,0,20,0,20
2586,0,200,0,20
2587,0,20,0,20
2588,0,200,0,20
2589,0,200,0,200
2590,0,20,0,200
2591,0,200,0,200
2592,0,20,0,200
2593,0,200,0,20
2594,0,20,0,20
2595,0,20,0,20
2596,0,200,0,200
2597,0,200,0,20
2598,0,200,0,200
2599,0,200,0,20
2600,0,20,0,20
2601,1,20,0,200
2602,0,20,0,20
2603,0,20,0,20
2604,0,20,0,20
2605,0,200,0,20
2606,0,20,0,20
2607,0,20,0,20
2608,0,20,0,20
2609,0,20,0,20
2610,0,20,0,200
2611,0,20,0,200
2612,0,20,0,200
2613,0,200,0,200
2614,0,200,0,200
2615,0,20,0,20
2616,0,20,0,20
2617,0,20,0,20
2618,0,20,0,200
2619,0,20,0,20
2620,0,200,0,20
2621,0,20,0,20
2622,0,20,0,200
2623,0,20,0,20
2624,0,20,0,20
2625,0,20,0,20
2626,0,20,0,20
2627,0,20,0,200
2628,0,20,0,20
2629,0,20,0,20
2630,0,20,0,20
2631,0,200,0,20
2632,0,20,0,20
2633,0,20,0,200
2634,0,20,0,20
2635,0,20,0,20
2636,0,20,0,20
2637,0,20,0,200
2638,0,20,0,200
2639,0,20,0,20
2640,0,20,0,20
2641,0,20,0,200
2642,0,20,0,20
2643,0,20,0,20
2644,0,20,0,20
2645,0,20,0,20
2646,0,200,0,20
2647,0,20,0,20
2648,0,20,0,20
2649,0,20,0,20
2650,0,20,0,200
2651,0,20,0,200
2652,0,20,0,20
2653,0,20,0,20
2654,0,20,0,200
2655,0,20,0,200
2656,0,200,0,20
2657,0,200,0,200
2658,0,20,0,200
2659,0,20,0,200
2660,0,200,0,20
2661,0,20,0,200
2662,0,20,0,200
2663,0,20,0,20
2664,0,200,0,200
2665,0,20,0,200
2666,0,20,0,20
2667,0,20,0,20
2668,0,20,0,200
2669,0,20,0,200
2670,0,20,0,200
2671,0,200,0,20
2672,0,20,0,20
2673,0,200,0,200
2674,0,200,0,20
2675,0,20,0,20
2676,0,20,0,20
2677,0,20,0,20
2678,0,20,0,20
2679,0,20,0,20
2680,0,20,0,20
2681,0,20,0,20
2682,0,20,0,20
2683,0,20,0,20
2684,0,20,0,200
2685,0,20,0,20
2686,0,200,0,20
2687,0,20,0,20
2688,0,20,0,20
2689,0,200,0,20
2690,0,20,0,20
2691,0,20,0,20
2692,0,200,0,20
2693,0,20,0,20
2694,0,200,0,20
2695,0,20,0,20
2696,0,20,0,20
2697,0,200,0,200
2698,0,20,0,20
2699,0,20,0,20
2700,0,20,0,20
2701,0,20,0,20
2702,0,200,0,20
2703,0,20,0,20
2704,0,20,0,20
2705,0,20,0,20
2706,0,20,0,200
2707,0,20,0,20
2708,0,200,0,20
2709,0,200,0,20
2710,0,20,0,200
2711,0,200,0,200
2712,0,200,0,20
2713,0,20,0,20
2714,0,20,0,20
2715,0,200,0,20
2716,0,200,0,200
2717,0,20,0,20
2718,0,200,0,200
2719,0,20,0,200
2720,0,200,0,20
2721,0,20,0,200
2722,0,20,0,20
2723,0,20,0,200
2724,0,20,0,20
2725,0,20,0,20
2726,0,20,0,20
2727,0,200,0,20
2728,0,20,0,20
2729,0,200,0,20
2730,0,20,0,20
2731,0,20,0,200
2732,0,200,0,200
2733,0,200,0,20
2734,0,20,0,200
2735,0,20,0,20
2736,0,200,0,200
2737,0,200,0,20
2738,0,200,0,20
2739,0,20,0,20
2740,0,200,0,20
2741,0,200,0,20
2742,0,20,0,20
2743,0,20,0,20
2744,0,20,0,20
2745,0,200,0,20
2746,0,20,0,200
2747,0,20,0,200
2748,0,20,0,200
2749,0,200,0,20
2750,0,200,0,20
2751,0,20,0,20
2752,0,20,0,20
2753,0,20,0,200
2754,0,200,0,20
2755,0,20,0,20
2756,0,20,0,20
2757,0,20,0,20
2758,0,20,0,200
2759,0,20,0,20
2760,0,20,0,200
2761,0,20,0,200
2762,0,200,0,20
2763,0,20,0,20
2764,0,20,0,200
2765,0,200,0,20
2766,0,200,0,20
2767,0,20,0,200
2768,0,20,0,200
2769,0,20,0,20
2770,0,20,0,20
2771,0,20,0,20
2772,0,20,0,200
2773,0,200,0,20
2774,0,20,0,20
2775,0,20,0,200
2776,0,20,0,200
2777,0,20,0,20
2778,0,20,0,20
2779,0,20,0,20
2780,0,20,0,20
2781,0,20,0,200
2782,0,20,0,20
2783,0,200,0,20
2784,0,20,0,20
2785,1,20,0,20
2786,0,20,0,200
2787,0,20,0,20
2788,0,20,0,20
2789,0,200,0,20
2790,0,200,0,200
2791,0,20,0,20
2792,0,20,0,20
2793,0,20,0,20
2794,0,20,0,20
2795,0,20,0,20
2796,0,20,0,200
2797,0,20,0,20
2798,0,20,0,20
2799,0,200,0,20
2800,0,20,0,20
2801,0,200,0,20
2802,0,20,0,20
2803,0,200,0,20
2804,0,200,0,20
2805,0,20,0,20
2806,0,200,0,20
2807,0,20,0,200
2808,0,20,0,20
2809,0,20,0,200
2810,0,20,0,20
2811,0,200,0,20
2812,0,200,0,200
2813,0,200,0,200
2814,0,20,0,20
2815,0,200,0,20
2816,0,20,0,200
2817,0,20,0,20
2818,0,200,1,20
2819,0,20,0,200
2820,0,20,0,200
2821,0,20,0,200
2822,0,20,0,20
2823,0,200,0,200
2824,0,20,0,200
2825,0,20,0,20
2826,0,200,0,200
2827,0,20,0,200
2828,0,200,0,20
2829,0,200,0,20
2830,0,20,0,20
2831,0,20,0,20
2832,0,200,0,200
2833,0,200,0,20
2834,0,200,0,20
2835,0,20,0,20
2836,0,20,0,20
2837,0,20,0,20
2838,0,200,0,200
2839,0,20,0,20
2840,0,20,0,200
2841,0,200,0,200
2842,1,200,0,200
2843,0,200,0,20
2844,0,20,0,20
2845,0,200,0,200
2846,0,200,0,20
2847,0,20,0,20
2848,0,200,0,20
2849,0,20,0,20
2850,0,20,0,200
2851,0,200,0,20
2852,0,200,0,20
2853,0,20,0,200
2854,0,20,0,20
2855,1,20,0,200
2856,0,200,0,20
2857,0,20,0,20
2858,0,20,0,20
2859,0,20,0,200
2860,0,20,0,20
2861,0,20,0,20
2862,0,20,0,20
2863,0,200,0,20
2864,0,20,0,200
2865,0,200,0,20
2866,0,20,0,20
2867,0,20,0,20
2868,0,200,0,200
2869,0,20,0,200
2870,0,20,0,20
2871,0,20,0,200
2872,0,20,0,20
2873,0,20,0,20
2874,0,200,0,20
2875,0,20,0,20
2876,0,20,0,20
2877,0,20,0,20
2878,0,20,0,20
2879,0,20,0,20
2880,0,200,0,20
2881,0,200,0,20
2882,0,20,0,20
2883,0,20,0,20
2884,0,20,0,20
2885,0,20,0,20
2886,0,20,0,20
2887,0,20,0,20
2888,0,20,0,20
2889,0,20,0,20
2890,0,20,0,200
2891,0,200,0,20
2892,0,20,0,20
2893,0,20,0,20
2894,0,20,0,20
2895,0,20,0,20
2896,0,20,0,20
2897,0,20,0,20
2898,0,20,0,20
2899,0,20,0,20
2900,0,20,0,20
2901,0,20,0,20
2902,0,200,0,20
2903,0,20,0,20
2904,0,20,0,20
2905,0,20,0,20
2906,0,200,0,20
2907,0,20,0,20
2908,0,200,0,20
2909,0,20,0,20
2910,0,20,0,20
2911,0,20,0,200
2912,0,200,0,20
2913,0,20,0,20
2914,0,20,0,20
2915,0,20,0,20
2916,0,200,0,20
2917,0,20,0,200
2918,0,20,0,200
2919,0,20,0,20
2920,0,20,0,200
2921,0,20,0,200
2922,0,200,0,200
2923,0,200,0,20
2924,0,20,0,200
2925,0,200,0,20
2926,0,200,0,20
2927,0,200,0,20
2928,0,20,0,20
2929,0,20,0,20
2930,0,20,0,20
2931,0,200,0,20
2932,0,20,0,200
2933,1,200,0,20
2934,0,20,0,200
2935,0,200,0,200
2936,0,20,0,200
2937,0,20,0,20
2938,0,20,0,20
2939,0,20,0,200
2940,0,200,0,20
2941,0,20,0,20
2942,0,20,0,20
2943,0,20,0,20
2944,0,200,0,20
2945,0,20,0,20
2946,0,200,0,200
2947,0,200,0,200
2948,0,20,0,20
2949,0,200,0,20
2950,0,200,0,20
2951,0,20,0,20
2952,0,200,0,20
2953,0,20,0,20
2954,0,20,0,20
2955,0,200,0,20
2956,0,20,0,20
2957,0,20,0,20
2958,0,20,0,200
2959,0,20,0,20
2960,0,20,0,200
2961,0,200,0,20
2962,0,20,0,20
2963,0,200,0,200
2964,0,20,0,200
2965,0,20,0,20
2966,0,20,0,20
2967,0,20,0,20
2968,0,200,0,20
2969,0,20,0,200
2970,0,200,0,200
2971,0,20,0,20
2972,0,20,0,20
2973,0,200,0,20
2974,0,20,0,200
2975,0,200,0,20
2976,0,20,0,20
2977,0,200,0,20
2978,0,20,0,20
2979,0,200,0,200
2980,0,20,0,20
2981,0,200,0,200
2982,0,200,0,20
2983,0,20,0,20
2984,0,20,0,20
2985,0,20,0,20
2986,0,200,0,20
2987,0,200,0,200
2988,1,200,0,20
2989,0,20,0,200
2990,0,20,0,20
2991,0,20,0,200
2992,0,20,0,200
2993,0,200,0,20
2994,0,20,0,20
2995,0,200,0,20
2996,0,200,0,20
2997,0,20,0,20
2998,0,20,0,20
2999,0,20,0,200
