t,dir,outcome,err,stream,seq,id,gen_time,on_time
30,DATA,STATE_APPLIED,OK,0,1,0,8,0
40,DATA,STATE_APPLIED,OK,1,1,0,17,0
50,ACK,ACK_STATE,OK,0,1,0,0,0
60,DATA,STATE_APPLIED,OK,2,1,0,31,0
60,ACK,ACK_STATE,OK,1,1,0,0,0
70,DATA,STATE_APPLIED,OK,3,1,0,47,0
80,ACK,ACK_STATE,OK,2,1,0,0,0
90,ACK,ACK_STATE,OK,3,1,0,0,0
100,DATA,STATE_APPLIED,OK,6,1,0,65,0
110,DATA,STATE_APPLIED,OK,7,1,0,86,0
120,DATA,STATE_APPLIED,OK,0,2,0,96,0
120,ACK,ACK_STATE,OK,6,1,0,0,0
130,DATA,STATE_APPLIED,OK,1,2,0,108,0
130,ACK,ACK_STATE,OK,7,1,0,0,0
140,ACK,ACK_STATE,OK,0,2,0,0,0
150,ACK,ACK_STATE,OK,1,2,0,0,0
170,DATA,STATE_APPLIED,OK,3,2,0,144,0
190,ACK,ACK_STATE,OK,3,2,0,0,0
270,DATA,STATE_APPLIED,OK,3,3,0,244,0
290,ACK,ACK_STATE,OK,3,3,0,0,0
360,DATA,STATE_APPLIED,OK,3,4,0,340,0
380,DATA,STATE_APPLIED,OK,4,4,0,342,0
380,ACK,ACK_STATE,OK,3,4,0,0,0
390,DATA,STATE_APPLIED,OK,5,4,0,362,0
400,ACK,ACK_STATE,OK,4,4,0,0,0
410,ACK,ACK_STATE,OK,5,4,0,0,0
440,DATA,STATE_APPLIED,OK,2,4,0,335,0
460,ACK,ACK_STATE,OK,2,4,0,0,0
470,DATA,STATE_APPLIED,OK,3,5,0,442,0
490,DATA,STATE_APPLIED,OK,4,5,0,453,0
490,ACK,ACK_STATE,OK,3,5,0,0,0
510,DATA,STATE_APPLIED,OK,6,5,0,474,0
520,DATA,STATE_APPLIED,OK,7,5,0,492,0
530,DATA,STATE_APPLIED,OK,0,6,0,491,0
530,ACK,ACK_STATE,OK,6,5,0,0,0
540,DATA,STATE_APPLIED,OK,1,6,0,512,0
540,ACK,ACK_STATE,OK,7,5,0,0,0
550,ACK,ACK_STATE,OK,0,6,0,0,0
560,DATA,STATE_APPLIED,OK,3,6,0,535,0
560,ACK,ACK_STATE,OK,1,6,0,0,0
580,ACK,ACK_STATE,OK,3,6,0,0,0
630,DATA,STATE_APPLIED,OK,0,7,0,606,0
640,DATA,STATE_APPLIED,OK,1,7,0,603,0
650,ACK,ACK_STATE,OK,0,7,0,0,0
660,DATA,STATE_APPLIED,OK,3,7,0,636,0
660,ACK,ACK_STATE,OK,1,7,0,0,0
680,ACK,ACK_STATE,OK,3,7,0,0,0
730,DATA,STATE_APPLIED,OK,1,8,0,709,0
750,ACK,ACK_STATE,OK,1,8,0,0,0
770,DATA,STATE_APPLIED,OK,3,8,0,743,0
790,DATA,STATE_APPLIED,OK,4,8,0,740,0
790,ACK,ACK_STATE,OK,3,8,0,0,0
800,DATA,STATE_APPLIED,OK,5,8,0,763,0
810,ACK,ACK_STATE,OK,4,8,0,0,0
820,ACK,ACK_STATE,OK,5,8,0,0,0
840,DATA,STATE_APPLIED,OK,1,9,0,811,0
850,DATA,STATE_APPLIED,OK,3,9,0,830,0
860,ACK,ACK_STATE,OK,1,9,0,0,0
870,DATA,STATE_APPLIED,OK,4,9,0,850,0
870,ACK,ACK_STATE,OK,3,9,0,0,0
890,DATA,STATE_APPLIED,OK,5,9,0,866,0
890,ACK,ACK_STATE,OK,4,9,0,0,0
910,ACK,ACK_STATE,OK,5,9,0,0,0
920,DATA,STATE_APPLIED,OK,7,9,0,878,0
940,DATA,STATE_APPLIED,OK,1,10,0,918,0
960,ACK,ACK_STATE,OK,1,10,0,0,0
970,DATA,STATE_APPLIED,OK,3,10,0,944,0
980,DATA,STATE_APPLIED,OK,4,10,0,949,0
990,DATA,STATE_APPLIED,OK,5,10,0,965,0
990,ACK,ACK_STATE,OK,3,10,0,0,0
1000,ACK,ACK_STATE,OK,4,10,0,0,0
1010,ACK,ACK_STATE,OK,5,10,0,0,0
1030,DATA,STATE_APPLIED,OK,1,11,0,1010,0
1050,DATA,STATE_APPLIED,OK,3,11,0,1028,0
1050,ACK,ACK_STATE,OK,1,11,0,0,0
1070,DATA,STATE_APPLIED,OK,4,11,0,1048,0
1070,ACK,ACK_STATE,OK,3,11,0,0,0
1080,DATA,STATE_APPLIED,OK,2,11,0,1027,0
1090,DATA,STATE_APPLIED,OK,5,11,0,1067,0
1090,ACK,ACK_STATE,OK,4,11,0,0,0
1100,ACK,ACK_STATE,OK,2,11,0,0,0
1110,ACK,ACK_STATE,OK,5,11,0,0,0
1130,DATA,STATE_APPLIED,OK,1,12,0,1103,0
1150,DATA,STATE_APPLIED,OK,2,12,0,1127,0
1150,ACK,ACK_STATE,OK,1,12,0,0,0
1170,ACK,ACK_STATE,OK,2,12,0,0,0
1180,DATA,STATE_APPLIED,OK,4,12,0,1157,0
1190,DATA,STATE_APPLIED,OK,5,12,0,1164,0
1200,ACK,ACK_STATE,OK,4,12,0,0,0
1210,ACK,ACK_STATE,OK,5,12,0,0,0
1240,DATA,STATE_APPLIED,OK,1,13,0,1214,0
1250,DATA,STATE_APPLIED,OK,2,13,0,1227,0
1260,ACK,ACK_STATE,OK,1,13,0,0,0
1270,ACK,ACK_STATE,OK,2,13,0,0,0
1280,DATA,STATE_APPLIED,OK,4,13,0,1259,0
1290,DATA,STATE_APPLIED,OK,5,13,0,1263,0
1300,ACK,ACK_STATE,OK,4,13,0,0,0
1320,DATA,STATE_APPLIED,OK,0,14,0,1300,0
1340,ACK,ACK_STATE,OK,0,14,0,0,0
1350,DATA,STATE_APPLIED,OK,2,14,0,1325,0
1370,DATA,STATE_APPLIED,OK,4,14,0,1347,0
1370,ACK,ACK_STATE,OK,2,14,0,0,0
1390,ACK,ACK_STATE,OK,4,14,0,0,0
1430,DATA,STATE_APPLIED,OK,0,15,0,1404,0
1450,DATA,STATE_APPLIED,OK,2,15,0,1428,0
1470,DATA,STATE_APPLIED,OK,3,15,0,1438,0
1470,ACK,ACK_STATE,OK,2,15,0,0,0
1490,ACK,ACK_STATE,OK,3,15,0,0,0
1500,DATA,STATE_APPLIED,OK,6,15,0,1470,0
1520,ACK,ACK_STATE,OK,6,15,0,0,0
1540,DATA,STATE_APPLIED,OK,2,16,0,1517,0
1560,DATA,STATE_APPLIED,OK,3,16,0,1537,0
1560,ACK,ACK_STATE,OK,2,16,0,0,0
1580,ACK,ACK_STATE,OK,3,16,0,0,0
1590,DATA,STATE_APPLIED,OK,5,16,0,1569,0
1610,DATA,STATE_APPLIED,OK,6,16,0,1582,0
1610,ACK,ACK_STATE,OK,5,16,0,0,0
1630,DATA,STATE_APPLIED,OK,1,16,0,1520,0
1630,ACK,ACK_STATE,OK,6,16,0,0,0
1650,ACK,ACK_STATE,OK,1,16,0,0,0
1660,DATA,STATE_APPLIED,OK,2,17,0,1633,0
1670,DATA,STATE_APPLIED,OK,1,17,0,1622,0
1680,ACK,ACK_STATE,OK,2,17,0,0,0
1690,DATA,STATE_APPLIED,OK,5,17,0,1657,0
1690,ACK,ACK_STATE,OK,1,17,0,0,0
1710,ACK,ACK_STATE,OK,5,17,0,0,0
1730,DATA,STATE_APPLIED,OK,0,18,0,1696,0
1740,DATA,STATE_APPLIED,OK,2,18,0,1718,0
1750,DATA,STATE_APPLIED,OK,1,18,0,1721,0
1750,ACK,ACK_STATE,OK,0,18,0,0,0
1760,ACK,ACK_STATE,OK,2,18,0,0,0
1770,ACK,ACK_STATE,OK,1,18,0,0,0
1780,DATA,STATE_APPLIED,OK,4,18,0,1757,0
1790,DATA,STATE_APPLIED,OK,5,18,0,1764,0
1800,ACK,ACK_STATE,OK,4,18,0,0,0
1810,ACK,ACK_STATE,OK,5,18,0,0,0
1820,DATA,STATE_APPLIED,OK,7,18,0,1777,0
1830,DATA,STATE_APPLIED,OK,0,19,0,1795,0
1840,DATA,STATE_APPLIED,OK,1,19,0,1813,0
1840,ACK,ACK_STATE,OK,7,18,0,0,0
1850,DATA,STATE_APPLIED,OK,2,19,0,1823,0
1850,ACK,ACK_STATE,OK,0,19,0,0,0
1860,ACK,ACK_STATE,OK,1,19,0,0,0
1870,ACK,ACK_STATE,OK,2,19,0,0,0
1880,DATA,STATE_APPLIED,OK,5,19,0,1855,0
1900,ACK,ACK_STATE,OK,5,19,0,0,0
1910,DATA,STATE_APPLIED,OK,7,19,0,1884,0
1920,DATA,STATE_APPLIED,OK,0,20,0,1892,0
1930,ACK,ACK_STATE,OK,7,19,0,0,0
1940,DATA,STATE_APPLIED,OK,1,20,0,1916,0
1940,ACK,ACK_STATE,OK,0,20,0,0,0
1950,DATA,STATE_APPLIED,OK,2,20,0,1924,0
1960,ACK,ACK_STATE,OK,1,20,0,0,0
1970,ACK,ACK_STATE,OK,2,20,0,0,0
1980,DATA,STATE_APPLIED,OK,3,20,0,1935,0
1990,DATA,STATE_APPLIED,OK,5,20,0,1967,0
2000,DATA,STATE_APPLIED,OK,6,20,0,1979,0
2000,ACK,ACK_STATE,OK,3,20,0,0,0
2010,DATA,STATE_APPLIED,OK,7,20,0,1985,0
2010,ACK,ACK_STATE,OK,5,20,0,0,0
3240,DATA,EVENT_DELIVERED,OK,0,0,1,3210,1
3250,DATA,STATE_APPLIED,OK,1,33,0,3203,0
3260,DATA,STATE_APPLIED,OK,2,33,0,3231,0
3260,ACK,ACK_EVENT,OK,0,0,1,0,0
3270,ACK,ACK_STATE,OK,1,33,0,0,0
3280,ACK,ACK_STATE,OK,2,33,0,0,0
3290,DATA,STATE_APPLIED,OK,5,33,0,3252,0
3310,ACK,ACK_STATE,OK,5,33,0,0,0
3340,DATA,STATE_APPLIED,OK,1,34,0,3313,0
3350,DATA,STATE_APPLIED,OK,2,34,0,3320,0
3360,ACK,ACK_STATE,OK,1,34,0,0,0
3370,DATA,STATE_APPLIED,OK,4,34,0,3349,0
3370,ACK,ACK_STATE,OK,2,34,0,0,0
3390,DATA,STATE_APPLIED,OK,5,34,0,3364,0
3390,ACK,ACK_STATE,OK,4,34,0,0,0
3410,ACK,ACK_STATE,OK,5,34,0,0,0
3430,DATA,STATE_APPLIED,OK,1,35,0,3403,0
3450,ACK,ACK_STATE,OK,1,35,0,0,0
3460,DATA,STATE_APPLIED,OK,2,35,0,3431,0
3480,DATA,STATE_APPLIED,OK,4,35,0,3454,0
3480,ACK,ACK_STATE,OK,2,35,0,0,0
3490,DATA,STATE_APPLIED,OK,5,35,0,3462,0
3500,DATA,STATE_APPLIED,OK,6,35,0,3478,0
3510,DATA,STATE_APPLIED,OK,7,35,0,3486,0
3510,ACK,ACK_STATE,OK,5,35,0,0,0
3520,ACK,ACK_STATE,OK,6,35,0,0,0
3530,ACK,ACK_STATE,OK,7,35,0,0,0
3540,DATA,STATE_APPLIED,OK,1,36,0,3509,0
3560,ACK,ACK_STATE,OK,1,36,0,0,0
3570,DATA,STATE_APPLIED,OK,3,36,0,3538,0
3590,ACK,ACK_STATE,OK,3,36,0,0,0
3610,DATA,STATE_APPLIED,OK,7,36,0,3590,0
3630,DATA,STATE_APPLIED,OK,1,37,0,3602,0
3630,ACK,ACK_STATE,OK,7,36,0,0,0
3650,ACK,ACK_STATE,OK,1,37,0,0,0
3720,DATA,EVENT_DELIVERED,OK,0,0,2,3700,1
3730,DATA,STATE_APPLIED,OK,7,37,0,3696,0
3740,ACK,ACK_EVENT,OK,0,0,2,0,0
3750,ACK,ACK_STATE,OK,7,37,0,0,0
3810,DATA,STATE_APPLIED,OK,7,38,0,3789,0
3830,DATA,STATE_APPLIED,OK,0,39,0,3809,0
3830,ACK,ACK_STATE,OK,7,38,0,0,0
3850,ACK,ACK_STATE,OK,0,39,0,0,0
3860,DATA,STATE_APPLIED,OK,2,39,0,3827,0
3880,ACK,ACK_STATE,OK,2,39,0,0,0
3890,DATA,STATE_APPLIED,OK,5,39,0,3861,0
3900,DATA,STATE_APPLIED,OK,6,38,0,3771,0
3910,DATA,STATE_APPLIED,OK,7,39,0,3879,0
3910,ACK,ACK_STATE,OK,5,39,0,0,0
3920,DATA,STATE_APPLIED,OK,0,40,0,3900,0
3920,ACK,ACK_STATE,OK,6,38,0,0,0
3930,ACK,ACK_STATE,OK,7,39,0,0,0
3940,ACK,ACK_STATE,OK,0,40,0,0,0
3950,DATA,STATE_APPLIED,OK,2,40,0,3929,0
3970,ACK,ACK_STATE,OK,2,40,0,0,0
3990,DATA,STATE_APPLIED,OK,5,40,0,3965,0
4010,DATA,STATE_APPLIED,OK,7,40,0,3989,0
4010,ACK,ACK_STATE,OK,5,40,0,0,0
4020,DATA,STATE_APPLIED,OK,0,41,0,3998,0
4030,ACK,ACK_STATE,OK,7,40,0,0,0
4040,DATA,STATE_APPLIED,OK,1,41,0,4014,0
4040,ACK,ACK_STATE,OK,0,41,0,0,0
4050,DATA,STATE_APPLIED,OK,2,41,0,4017,0
4060,ACK,ACK_STATE,OK,1,41,0,0,0
4070,ACK,ACK_STATE,OK,2,41,0,0,0
4080,DATA,STATE_APPLIED,OK,4,41,0,4057,0
4090,DATA,STATE_APPLIED,OK,5,41,0,4059,0
4100,ACK,ACK_STATE,OK,4,41,0,0,0
4110,ACK,ACK_STATE,OK,5,41,0,0,0
4130,DATA,STATE_APPLIED,OK,0,42,0,4102,0
4140,DATA,STATE_APPLIED,OK,1,42,0,4105,0
4150,DATA,STATE_APPLIED,OK,2,42,0,4120,0
4150,ACK,ACK_STATE,OK,0,42,0,0,0
4160,ACK,ACK_STATE,OK,1,42,0,0,0
4170,ACK,ACK_STATE,OK,2,42,0,0,0
4180,DATA,STATE_APPLIED,OK,4,42,0,4152,0
4190,DATA,STATE_APPLIED,OK,5,42,0,4155,0
4200,ACK,ACK_STATE,OK,4,42,0,0,0
4210,ACK,ACK_STATE,OK,5,42,0,0,0
4240,DATA,STATE_APPLIED,OK,6,42,0,4180,0
4250,DATA,STATE_APPLIED,OK,1,43,0,4207,0
4260,DATA,STATE_APPLIED,OK,3,43,0,4237,0
4260,ACK,ACK_STATE,OK,6,42,0,0,0
4270,DATA,STATE_APPLIED,OK,2,43,0,4224,0
4270,ACK,ACK_STATE,OK,1,43,0,0,0
4280,DATA,STATE_APPLIED,OK,4,43,0,4249,0
4280,ACK,ACK_STATE,OK,3,43,0,0,0
4290,DATA,STATE_APPLIED,OK,5,43,0,4259,0
4290,ACK,ACK_STATE,OK,2,43,0,0,0
4300,DATA,STATE_APPLIED,OK,6,43,0,4277,0
4300,ACK,ACK_STATE,OK,4,43,0,0,0
4310,ACK,ACK_STATE,OK,5,43,0,0,0
4320,ACK,ACK_STATE,OK,6,43,0,0,0
4340,DATA,STATE_APPLIED,OK,1,44,0,4315,0
4350,DATA,STATE_APPLIED,OK,2,44,0,4325,0
4360,ACK,ACK_STATE,OK,1,44,0,0,0
4370,DATA,STATE_APPLIED,OK,3,44,0,4342,0
4370,ACK,ACK_STATE,OK,2,44,0,0,0
4380,DATA,STATE_APPLIED,OK,4,44,0,4357,0
4390,DATA,STATE_APPLIED,OK,5,44,0,4362,0
4390,ACK,ACK_STATE,OK,3,44,0,0,0
4400,DATA,STATE_APPLIED,OK,7,44,0,4378,0
4410,DATA,STATE_APPLIED,OK,6,44,0,4376,0
4410,ACK,ACK_STATE,OK,5,44,0,0,0
4420,ACK,ACK_STATE,OK,7,44,0,0,0
4430,ACK,ACK_STATE,OK,6,44,0,0,0
4440,DATA,STATE_APPLIED,OK,1,45,0,4416,0
4460,ACK,ACK_STATE,OK,1,45,0,0,0
4470,DATA,STATE_APPLIED,OK,3,45,0,4443,0
4480,DATA,STATE_APPLIED,OK,5,45,0,4456,0
4490,ACK,ACK_STATE,OK,3,45,0,0,0
4500,DATA,STATE_APPLIED,OK,6,45,0,4478,0
4500,ACK,ACK_STATE,OK,5,45,0,0,0
4520,ACK,ACK_STATE,OK,6,45,0,0,0
4530,DATA,STATE_APPLIED,OK,0,46,0,4492,0
4540,DATA,STATE_APPLIED,OK,1,46,0,4510,0
4550,ACK,ACK_STATE,OK,0,46,0,0,0
4560,ACK,ACK_STATE,OK,1,46,0,0,0
4570,DATA,STATE_APPLIED,OK,3,46,0,4546,0
4590,DATA,STATE_APPLIED,OK,6,46,0,4567,0
4590,ACK,ACK_STATE,OK,3,46,0,0,0
4600,DATA,STATE_APPLIED,OK,5,46,0,4571,0
4610,ACK,ACK_STATE,OK,6,46,0,0,0
4620,ACK,ACK_STATE,OK,5,46,0,0,0
4640,DATA,STATE_APPLIED,OK,1,47,0,4613,0
4660,ACK,ACK_STATE,OK,1,47,0,0,0
4680,DATA,STATE_APPLIED,OK,4,47,0,4644,0
4690,DATA,STATE_APPLIED,OK,6,47,0,4665,0
4700,DATA,STATE_APPLIED,OK,5,47,0,4654,0
4700,ACK,ACK_STATE,OK,4,47,0,0,0
4710,ACK,ACK_STATE,OK,6,47,0,0,0
4720,ACK,ACK_STATE,OK,5,47,0,0,0
4750,DATA,STATE_APPLIED,OK,2,47,0,4621,0
4770,ACK,ACK_STATE,OK,2,47,0,0,0
4780,DATA,STATE_APPLIED,OK,4,48,0,4754,0
4800,ACK,ACK_STATE,OK,4,48,0,0,0
4810,DATA,STATE_APPLIED,OK,6,48,0,4771,0
4820,DATA,STATE_APPLIED,OK,7,48,0,4778,0
4830,ACK,ACK_STATE,OK,6,48,0,0,0
4840,ACK,ACK_STATE,OK,7,48,0,0,0
4860,DATA,STATE_APPLIED,OK,4,49,0,4840,0
4880,ACK,ACK_STATE,OK,4,49,0,0,0
4890,DATA,STATE_APPLIED,OK,6,49,0,4870,0
4910,DATA,STATE_APPLIED,OK,7,49,0,4883,0
4910,ACK,ACK_STATE,OK,6,49,0,0,0
4930,DATA,STATE_APPLIED,OK,0,50,0,4904,0
4930,ACK,ACK_STATE,OK,7,49,0,0,0
4950,ACK,ACK_STATE,OK,0,50,0,0,0
4980,DATA,STATE_APPLIED,OK,4,50,0,4955,0
5000,DATA,STATE_APPLIED,OK,6,50,0,4972,0
5000,ACK,ACK_STATE,OK,4,50,0,0,0
5010,DATA,STATE_APPLIED,OK,7,50,0,4978,0
6220,DATA,STATE_APPLIED,OK,0,62,0,6091,0
6230,DATA,STATE_APPLIED,OK,1,63,0,6205,0
6240,DATA,EVENT_DELIVERED,OK,0,0,3,6210,1
6240,ACK,ACK_STATE,OK,0,62,0,0,0
6250,ACK,ACK_STATE,OK,1,63,0,0,0
6260,DATA,STATE_APPLIED,OK,0,63,0,6203,0
6260,ACK,ACK_EVENT,OK,0,0,3,0,0
6270,DATA,STATE_APPLIED,OK,4,63,0,6244,0
6280,ACK,ACK_STATE,OK,0,63,0,0,0
6290,DATA,STATE_APPLIED,OK,2,63,0,6232,0
6290,ACK,ACK_STATE,OK,4,63,0,0,0
6310,ACK,ACK_STATE,OK,2,63,0,0,0
6320,DATA,STATE_APPLIED,OK,0,64,0,6295,0
6330,DATA,STATE_APPLIED,OK,1,64,0,6302,0
6340,ACK,ACK_STATE,OK,0,64,0,0,0
6350,DATA,STATE_APPLIED,OK,2,64,0,6321,0
6350,ACK,ACK_STATE,OK,1,64,0,0,0
6370,ACK,ACK_STATE,OK,2,64,0,0,0
6380,DATA,STATE_APPLIED,OK,4,64,0,6356,0
6400,ACK,ACK_STATE,OK,4,64,0,0,0
6420,DATA,STATE_APPLIED,OK,0,65,0,6398,0
6440,ACK,ACK_STATE,OK,0,65,0,0,0
6450,DATA,STATE_APPLIED,OK,2,65,0,6419,0
6470,DATA,STATE_APPLIED,OK,3,65,0,6435,0
6470,ACK,ACK_STATE,OK,2,65,0,0,0
6480,DATA,STATE_APPLIED,OK,4,65,0,6443,0
6490,ACK,ACK_STATE,OK,3,65,0,0,0
6500,DATA,STATE_APPLIED,OK,6,65,0,6469,0
6500,ACK,ACK_STATE,OK,4,65,0,0,0
6510,DATA,STATE_APPLIED,OK,7,65,0,6478,0
6520,DATA,STATE_APPLIED,OK,0,66,0,6492,0
6520,ACK,ACK_STATE,OK,6,65,0,0,0
6530,ACK,ACK_STATE,OK,7,65,0,0,0
6540,ACK,ACK_STATE,OK,0,66,0,0,0
6550,DATA,STATE_APPLIED,OK,2,66,0,6521,0
6570,DATA,STATE_APPLIED,OK,3,66,0,6542,0
6570,ACK,ACK_STATE,OK,2,66,0,0,0
6580,DATA,STATE_APPLIED,OK,4,66,0,6552,0
6590,ACK,ACK_STATE,OK,3,66,0,0,0
6600,ACK,ACK_STATE,OK,4,66,0,0,0
6610,DATA,STATE_APPLIED,OK,7,66,0,6588,0
6630,ACK,ACK_STATE,OK,7,66,0,0,0
6680,DATA,STATE_APPLIED,OK,4,67,0,6658,0
6700,ACK,ACK_STATE,OK,4,67,0,0,0
6710,DATA,STATE_APPLIED,OK,7,67,0,6687,0
6720,DATA,EVENT_DELIVERED,OK,0,0,4,6700,1
6730,ACK,ACK_STATE,OK,7,67,0,0,0
6740,ACK,ACK_EVENT,OK,0,0,4,0,0
6820,DATA,STATE_APPLIED,OK,7,68,0,6794,0
6840,ACK,ACK_STATE,OK,7,68,0,0,0
6890,DATA,STATE_APPLIED,OK,6,68,0,6768,0
6910,DATA,EVENT_DELIVERED,OK,0,0,5,6878,1
6910,ACK,ACK_STATE,OK,6,68,0,0,0
6920,DATA,STATE_APPLIED,OK,0,69,0,6801,0
6930,DATA,STATE_APPLIED,OK,6,69,0,6878,0
6930,ACK,ACK_EVENT,OK,0,0,5,0,0
6940,DATA,STATE_APPLIED,OK,7,69,0,6888,0
6940,ACK,ACK_STATE,OK,0,69,0,0,0
6950,DATA,STATE_APPLIED,OK,2,70,0,6919,0
6950,ACK,ACK_STATE,OK,6,69,0,0,0
6960,DATA,STATE_APPLIED,OK,3,69,0,6835,0
6960,ACK,ACK_STATE,OK,7,69,0,0,0
6970,DATA,STATE_APPLIED,OK,0,70,0,6910,0
6970,ACK,ACK_STATE,OK,2,70,0,0,0
6980,ACK,ACK_STATE,OK,3,69,0,0,0
6990,ACK,ACK_STATE,OK,0,70,0,0,0
7000,DATA,STATE_APPLIED,OK,3,70,0,6941,0
7010,DATA,STATE_APPLIED,OK,6,70,0,6985,0
7020,ACK,ACK_STATE,OK,3,70,0,0,0
7030,ACK,ACK_STATE,OK,6,70,0,0,0
7040,DATA,STATE_APPLIED,OK,1,71,0,7011,0
7050,DATA,STATE_APPLIED,OK,2,71,0,7028,0
7060,DATA,STATE_APPLIED,OK,3,71,0,7029,0
7060,ACK,ACK_STATE,OK,1,71,0,0,0
7070,DATA,STATE_APPLIED,OK,4,71,0,7043,0
7070,ACK,ACK_STATE,OK,2,71,0,0,0
7080,ACK,ACK_STATE,OK,3,71,0,0,0
7090,ACK,ACK_STATE,OK,4,71,0,0,0
7110,DATA,STATE_APPLIED,OK,6,71,0,7082,0
7130,DATA,STATE_APPLIED,OK,1,72,0,7106,0
7130,ACK,ACK_STATE,OK,6,71,0,0,0
7140,DATA,STATE_APPLIED,OK,2,72,0,7120,0
7150,ACK,ACK_STATE,OK,1,72,0,0,0
7160,DATA,STATE_APPLIED,OK,3,72,0,7138,0
7160,ACK,ACK_STATE,OK,2,72,0,0,0
7170,DATA,STATE_APPLIED,OK,4,72,0,7141,0
7180,ACK,ACK_STATE,OK,3,72,0,0,0
7190,ACK,ACK_STATE,OK,4,72,0,0,0
7200,DATA,STATE_APPLIED,OK,5,72,0,7171,0
7210,DATA,STATE_APPLIED,OK,6,72,0,7178,0
7220,ACK,ACK_STATE,OK,5,72,0,0,0
7230,ACK,ACK_STATE,OK,6,72,0,0,0
7240,DATA,STATE_APPLIED,OK,1,73,0,7213,0
7250,DATA,STATE_APPLIED,OK,2,73,0,7227,0
7260,ACK,ACK_STATE,OK,1,73,0,0,0
7270,DATA,STATE_APPLIED,OK,4,73,0,7248,0
7270,ACK,ACK_STATE,OK,2,73,0,0,0
7290,DATA,STATE_APPLIED,OK,5,73,0,7270,0
7290,ACK,ACK_STATE,OK,4,73,0,0,0
7310,ACK,ACK_STATE,OK,5,73,0,0,0
7320,DATA,STATE_APPLIED,OK,7,73,0,7292,0
7340,DATA,STATE_APPLIED,OK,1,74,0,7317,0
7340,ACK,ACK_STATE,OK,7,73,0,0,0
7360,DATA,STATE_APPLIED,OK,2,74,0,7331,0
7360,ACK,ACK_STATE,OK,1,74,0,0,0
7370,DATA,STATE_APPLIED,OK,4,74,0,7350,0
7380,ACK,ACK_STATE,OK,2,74,0,0,0
7390,DATA,STATE_APPLIED,OK,5,74,0,7362,0
7390,ACK,ACK_STATE,OK,4,74,0,0,0
7410,DATA,STATE_APPLIED,OK,7,74,0,7386,0
7410,ACK,ACK_STATE,OK,5,74,0,0,0
7430,ACK,ACK_STATE,OK,7,74,0,0,0
7470,DATA,STATE_APPLIED,OK,4,75,0,7447,0
7490,ACK,ACK_STATE,OK,4,75,0,0,0
7500,DATA,STATE_APPLIED,OK,5,75,0,7472,0
7510,DATA,STATE_APPLIED,OK,7,75,0,7484,0
7520,ACK,ACK_STATE,OK,5,75,0,0,0
7530,ACK,ACK_STATE,OK,7,75,0,0,0
7560,DATA,STATE_APPLIED,OK,3,75,0,7445,0
7570,DATA,STATE_APPLIED,OK,4,76,0,7543,0
7580,DATA,STATE_APPLIED,OK,5,76,0,7552,0
7580,ACK,ACK_STATE,OK,3,75,0,0,0
7590,ACK,ACK_STATE,OK,4,76,0,0,0
7600,DATA,STATE_APPLIED,OK,3,76,0,7544,0
7600,ACK,ACK_STATE,OK,5,76,0,0,0
7610,DATA,STATE_APPLIED,OK,6,76,0,7582,0
7620,DATA,STATE_APPLIED,OK,7,76,0,7592,0
7630,DATA,STATE_APPLIED,OK,0,77,0,7595,0
7630,ACK,ACK_STATE,OK,6,76,0,0,0
7640,ACK,ACK_STATE,OK,7,76,0,0,0
7650,ACK,ACK_STATE,OK,0,77,0,0,0
7690,DATA,STATE_APPLIED,OK,5,77,0,7664,0
7700,DATA,STATE_APPLIED,OK,6,77,0,7679,0
7710,ACK,ACK_STATE,OK,5,77,0,0,0
7720,DATA,STATE_APPLIED,OK,7,77,0,7694,0
7720,ACK,ACK_STATE,OK,6,77,0,0,0
7730,DATA,STATE_APPLIED,OK,1,78,0,7704,0
7740,DATA,STATE_APPLIED,OK,0,78,0,7706,0
7740,ACK,ACK_STATE,OK,7,77,0,0,0
7760,DATA,STATE_APPLIED,OK,2,78,0,7717,0
7760,ACK,ACK_STATE,OK,0,78,0,0,0
7780,DATA,STATE_APPLIED,OK,5,78,0,7755,0
7780,ACK,ACK_STATE,OK,2,78,0,0,0
7800,DATA,STATE_APPLIED,OK,6,78,0,7773,0
7800,ACK,ACK_STATE,OK,5,78,0,0,0
7810,DATA,STATE_APPLIED,OK,7,78,0,7790,0
7830,ACK,ACK_STATE,OK,7,78,0,0,0
7880,DATA,STATE_APPLIED,OK,5,79,0,7854,0
7900,DATA,STATE_APPLIED,OK,3,79,0,7831,0
7900,ACK,ACK_STATE,OK,5,79,0,0,0
7920,DATA,STATE_APPLIED,OK,7,79,0,7895,0
7920,ACK,ACK_STATE,OK,3,79,0,0,0
7940,ACK,ACK_STATE,OK,7,79,0,0,0
7970,DATA,STATE_APPLIED,OK,4,80,0,7949,0
7980,DATA,STATE_APPLIED,OK,3,80,0,7947,0
7990,ACK,ACK_STATE,OK,4,80,0,0,0
8000,DATA,STATE_APPLIED,OK,5,80,0,7972,0
8000,ACK,ACK_STATE,OK,3,80,0,0,0
8010,DATA,STATE_APPLIED,OK,7,80,0,7986,0
9230,DATA,STATE_APPLIED,OK,1,93,0,9209,0
9250,DATA,EVENT_DELIVERED,OK,0,0,6,7430,0
9250,ACK,ACK_STATE,OK,1,93,0,0,0
9260,DATA,STATE_APPLIED,OK,3,93,0,9232,0
9270,ACK,ACK_EVENT,OK,0,0,6,0,0
9280,ACK,ACK_STATE,OK,3,93,0,0,0
9300,DATA,STATE_APPLIED,OK,6,93,0,9279,0
9320,DATA,STATE_APPLIED,OK,0,94,0,9296,0
9320,ACK,ACK_STATE,OK,6,93,0,0,0
9340,DATA,STATE_APPLIED,OK,2,94,0,9320,0
9340,ACK,ACK_STATE,OK,0,94,0,0,0
9360,ACK,ACK_STATE,OK,2,94,0,0,0
9370,DATA,STATE_APPLIED,OK,3,94,0,9344,0
9390,ACK,ACK_STATE,OK,3,94,0,0,0
9440,DATA,STATE_APPLIED,OK,2,95,0,9418,0
9460,DATA,STATE_APPLIED,OK,3,95,0,9436,0
9460,ACK,ACK_STATE,OK,2,95,0,0,0
9480,ACK,ACK_STATE,OK,3,95,0,0,0
9510,DATA,STATE_APPLIED,OK,7,95,0,9483,0
9520,DATA,EVENT_DELIVERED,OK,0,0,8,9496,1
9530,ACK,ACK_STATE,OK,7,95,0,0,0
9540,DATA,EVENT_DELIVERED,OK,0,0,7,9210,1
9540,ACK,ACK_EVENT,OK,0,0,8,0,0
9550,DATA,STATE_APPLIED,OK,2,96,0,9529,0
9560,ACK,ACK_EVENT,OK,0,0,7,0,0
9570,DATA,STATE_APPLIED,OK,3,96,0,9543,0
9570,ACK,ACK_STATE,OK,2,96,0,0,0
9590,ACK,ACK_STATE,OK,3,96,0,0,0
9610,DATA,STATE_APPLIED,OK,7,96,0,9587,0
9630,ACK,ACK_STATE,OK,7,96,0,0,0
9640,DATA,STATE_APPLIED,OK,2,97,0,9620,0
9660,ACK,ACK_STATE,OK,2,97,0,0,0
9670,DATA,STATE_APPLIED,OK,3,97,0,9644,0
9690,ACK,ACK_STATE,OK,3,97,0,0,0
9700,DATA,STATE_APPLIED,OK,6,96,0,9576,0
9710,DATA,STATE_APPLIED,OK,7,97,0,9689,0
9720,DATA,EVENT_DELIVERED,OK,0,0,9,9700,1
9720,ACK,ACK_STATE,OK,6,96,0,0,0
9730,DATA,STATE_APPLIED,OK,0,98,0,9692,0
9730,ACK,ACK_STATE,OK,7,97,0,0,0
9740,DATA,STATE_APPLIED,OK,6,97,0,9685,0
9740,ACK,ACK_EVENT,OK,0,0,9,0,0
9750,DATA,STATE_APPLIED,OK,2,98,0,9721,0
9750,ACK,ACK_STATE,OK,0,98,0,0,0
9760,ACK,ACK_STATE,OK,6,97,0,0,0
9770,ACK,ACK_STATE,OK,2,98,0,0,0
9800,DATA,STATE_APPLIED,OK,5,98,0,9757,0
9810,DATA,STATE_APPLIED,OK,6,98,0,9784,0
9820,DATA,STATE_APPLIED,OK,7,98,0,9790,0
9820,ACK,ACK_STATE,OK,5,98,0,0,0
9830,DATA,STATE_APPLIED,OK,0,99,0,9794,0
9830,ACK,ACK_STATE,OK,6,98,0,0,0
9840,ACK,ACK_STATE,OK,7,98,0,0,0
9850,DATA,STATE_APPLIED,OK,2,99,0,9822,0
9850,ACK,ACK_STATE,OK,0,99,0,0,0
9870,ACK,ACK_STATE,OK,2,99,0,0,0
9880,DATA,STATE_APPLIED,OK,4,99,0,9848,0
9900,ACK,ACK_STATE,OK,4,99,0,0,0
9910,DATA,STATE_APPLIED,OK,6,99,0,9885,0
9920,DATA,STATE_APPLIED,OK,7,99,0,9882,0
9930,ACK,ACK_STATE,OK,6,99,0,0,0
9940,DATA,STATE_APPLIED,OK,2,100,0,9916,0
9940,ACK,ACK_STATE,OK,7,99,0,0,0
9950,DATA,STATE_APPLIED,OK,1,100,0,9913,0
9960,ACK,ACK_STATE,OK,2,100,0,0,0
9970,ACK,ACK_STATE,OK,1,100,0,0,0
9980,DATA,STATE_APPLIED,OK,4,100,0,9956,0
10000,DATA,STATE_APPLIED,OK,6,100,0,9980,0
10000,ACK,ACK_STATE,OK,4,100,0,0,0
10010,DATA,EVENT_DELIVERED,OK,0,0,10,9989,1
10020,ACK,ACK_STATE,OK,6,100,0,0,0
10030,ACK,ACK_EVENT,OK,0,0,10,0,0
10040,DATA,STATE_APPLIED,OK,1,101,0,10020,0
10060,DATA,STATE_APPLIED,OK,3,100,0,9940,0
10060,ACK,ACK_STATE,OK,1,101,0,0,0
10070,DATA,STATE_APPLIED,OK,2,101,0,10031,0
10080,DATA,STATE_APPLIED,OK,4,101,0,10059,0
10080,ACK,ACK_STATE,OK,3,100,0,0,0
10090,ACK,ACK_STATE,OK,2,101,0,0,0
10100,DATA,STATE_APPLIED,OK,3,101,0,10047,0
10100,ACK,ACK_STATE,OK,4,101,0,0,0
10110,DATA,STATE_APPLIED,OK,6,101,0,10078,0
10120,ACK,ACK_STATE,OK,3,101,0,0,0
10130,DATA,STATE_APPLIED,OK,1,102,0,10105,0
10130,ACK,ACK_STATE,OK,6,101,0,0,0
10140,DATA,EVENT_DELIVERED,OK,0,0,11,10111,1
10150,ACK,ACK_STATE,OK,1,102,0,0,0
10160,DATA,STATE_APPLIED,OK,2,102,0,10135,0
10160,ACK,ACK_EVENT,OK,0,0,11,0,0
10170,DATA,STATE_APPLIED,OK,3,102,0,10134,0
10180,DATA,STATE_APPLIED,OK,4,102,0,10154,0
10180,ACK,ACK_STATE,OK,2,102,0,0,0
10190,DATA,STATE_APPLIED,OK,5,102,0,10170,0
10190,ACK,ACK_STATE,OK,3,102,0,0,0
10200,DATA,STATE_APPLIED,OK,6,102,0,10177,0
10200,ACK,ACK_STATE,OK,4,102,0,0,0
10210,ACK,ACK_STATE,OK,5,102,0,0,0
10220,ACK,ACK_STATE,OK,6,102,0,0,0
10230,DATA,STATE_APPLIED,OK,0,103,0,10192,0
10240,DATA,STATE_APPLIED,OK,1,103,0,10202,0
10250,ACK,ACK_STATE,OK,0,103,0,0,0
10260,ACK,ACK_STATE,OK,1,103,0,0,0
10270,DATA,STATE_APPLIED,OK,2,103,0,10234,0
10290,DATA,EVENT_DELIVERED,OK,0,0,12,10261,1
10290,ACK,ACK_STATE,OK,2,103,0,0,0
10300,DATA,STATE_APPLIED,OK,5,103,0,10264,0
10310,DATA,STATE_APPLIED,OK,6,103,0,10282,0
10310,ACK,ACK_EVENT,OK,0,0,12,0,0
10320,DATA,STATE_APPLIED,OK,7,103,0,10284,0
10320,ACK,ACK_STATE,OK,5,103,0,0,0
10330,DATA,STATE_APPLIED,OK,0,104,0,10291,0
10330,ACK,ACK_STATE,OK,6,103,0,0,0
10340,DATA,STATE_APPLIED,OK,1,104,0,10307,0
10340,ACK,ACK_STATE,OK,7,103,0,0,0
10350,DATA,STATE_APPLIED,OK,2,104,0,10315,0
10350,ACK,ACK_STATE,OK,0,104,0,0,0
10360,ACK,ACK_STATE,OK,1,104,0,0,0
10370,ACK,ACK_STATE,OK,2,104,0,0,0
10380,DATA,STATE_APPLIED,OK,5,104,0,10358,0
10400,DATA,STATE_APPLIED,OK,6,104,0,10371,0
10400,ACK,ACK_STATE,OK,5,104,0,0,0
10410,DATA,STATE_APPLIED,OK,7,104,0,10378,0
10420,ACK,ACK_STATE,OK,6,104,0,0,0
10430,ACK,ACK_STATE,OK,7,104,0,0,0
10440,DATA,STATE_APPLIED,OK,1,105,0,10410,0
10450,DATA,STATE_APPLIED,OK,2,105,0,10419,0
10460,ACK,ACK_STATE,OK,1,105,0,0,0
10470,ACK,ACK_STATE,OK,2,105,0,0,0
10480,DATA,STATE_APPLIED,OK,5,105,0,10452,0
10500,DATA,STATE_APPLIED,OK,6,105,0,10476,0
10500,ACK,ACK_STATE,OK,5,105,0,0,0
10510,DATA,STATE_APPLIED,OK,7,105,0,10480,0
10520,ACK,ACK_STATE,OK,6,105,0,0,0
10530,ACK,ACK_STATE,OK,7,105,0,0,0
10560,DATA,STATE_APPLIED,OK,3,106,0,10534,0
10580,DATA,STATE_APPLIED,OK,4,106,0,10550,0
10580,ACK,ACK_STATE,OK,3,106,0,0,0
10590,DATA,STATE_APPLIED,OK,5,106,0,10561,0
10600,DATA,EVENT_DELIVERED,OK,0,0,13,10575,1
10600,ACK,ACK_STATE,OK,4,106,0,0,0
10610,DATA,STATE_APPLIED,OK,6,106,0,10581,0
10610,ACK,ACK_STATE,OK,5,106,0,0,0
10620,DATA,STATE_APPLIED,OK,7,106,0,10589,0
10620,ACK,ACK_EVENT,OK,0,0,13,0,0
10630,ACK,ACK_STATE,OK,6,106,0,0,0
10670,DATA,STATE_APPLIED,OK,3,107,0,10646,0
10690,DATA,STATE_APPLIED,OK,5,107,0,10663,0
10690,ACK,ACK_STATE,OK,3,107,0,0,0
10700,DATA,STATE_APPLIED,OK,6,107,0,10669,0
10710,ACK,ACK_STATE,OK,5,107,0,0,0
10720,DATA,EVENT_DELIVERED,OK,0,0,14,10695,1
10720,ACK,ACK_STATE,OK,6,107,0,0,0
10740,ACK,ACK_EVENT,OK,0,0,14,0,0
10770,DATA,STATE_APPLIED,OK,3,108,0,10742,0
10780,DATA,STATE_APPLIED,OK,5,108,0,10755,0
10790,ACK,ACK_STATE,OK,3,108,0,0,0
10800,ACK,ACK_STATE,OK,5,108,0,0,0
10850,DATA,STATE_APPLIED,OK,2,109,0,10822,0
10870,DATA,STATE_APPLIED,OK,3,109,0,10846,0
10870,ACK,ACK_STATE,OK,2,109,0,0,0
10890,DATA,STATE_APPLIED,OK,5,109,0,10868,0
10890,ACK,ACK_STATE,OK,3,109,0,0,0
10910,ACK,ACK_STATE,OK,5,109,0,0,0
10950,DATA,STATE_APPLIED,OK,2,110,0,10930,0
10970,ACK,ACK_STATE,OK,2,110,0,0,0
10980,DATA,STATE_APPLIED,OK,4,110,0,10947,0
10990,DATA,EVENT_DELIVERED,OK,0,0,15,10967,1
11000,DATA,STATE_APPLIED,OK,5,110,0,10971,0
11000,ACK,ACK_STATE,OK,4,110,0,0,0
11010,ACK,ACK_EVENT,OK,0,0,15,0,0
12230,DATA,STATE_APPLIED,OK,0,123,0,12197,0
12250,ACK,ACK_STATE,OK,0,123,0,0,0
12280,DATA,STATE_APPLIED,OK,4,123,0,12251,0
12300,ACK,ACK_STATE,OK,4,123,0,0,0
12320,DATA,STATE_APPLIED,OK,0,124,0,12293,0
12330,DATA,STATE_APPLIED,OK,1,124,0,12305,0
12340,ACK,ACK_STATE,OK,0,124,0,0,0
12350,ACK,ACK_STATE,OK,1,124,0,0,0
12370,DATA,STATE_APPLIED,OK,4,124,0,12347,0
12420,DATA,STATE_APPLIED,OK,7,124,0,12388,0
12430,DATA,STATE_APPLIED,OK,0,125,0,12398,0
12440,ACK,ACK_STATE,OK,7,124,0,0,0
12450,DATA,STATE_APPLIED,OK,1,125,0,12421,0
12470,DATA,STATE_APPLIED,OK,3,125,0,12443,0
12470,ACK,ACK_STATE,OK,1,125,0,0,0
12490,ACK,ACK_STATE,OK,3,125,0,0,0
12500,DATA,STATE_APPLIED,OK,5,125,0,12458,0
12520,ACK,ACK_STATE,OK,5,125,0,0,0
12530,DATA,STATE_APPLIED,OK,1,126,0,12506,0
12550,DATA,EVENT_DELIVERED,OK,0,0,16,12210,1
12550,ACK,ACK_STATE,OK,1,126,0,0,0
12560,DATA,STATE_APPLIED,OK,3,126,0,12535,0
12570,ACK,ACK_EVENT,OK,0,0,16,0,0
12580,ACK,ACK_STATE,OK,3,126,0,0,0
12600,DATA,STATE_APPLIED,OK,5,126,0,12568,0
12620,ACK,ACK_STATE,OK,5,126,0,0,0
12640,DATA,STATE_APPLIED,OK,1,127,0,12617,0
12660,ACK,ACK_STATE,OK,1,127,0,0,0
12670,DATA,STATE_APPLIED,OK,4,127,0,12641,0
12680,DATA,STATE_APPLIED,OK,3,127,0,12643,0
12690,DATA,STATE_APPLIED,OK,5,127,0,12663,0
12690,ACK,ACK_STATE,OK,4,127,0,0,0
12700,ACK,ACK_STATE,OK,3,127,0,0,0
12710,ACK,ACK_STATE,OK,5,127,0,0,0
12720,DATA,EVENT_DELIVERED,OK,0,0,17,12700,1
12730,DATA,STATE_APPLIED,OK,0,128,0,12690,0
12740,DATA,STATE_APPLIED,OK,1,128,0,12717,0
12740,ACK,ACK_EVENT,OK,0,0,17,0,0
12750,ACK,ACK_STATE,OK,0,128,0,0,0
12760,ACK,ACK_STATE,OK,1,128,0,0,0
12770,DATA,STATE_APPLIED,OK,3,128,0,12746,0
12790,DATA,STATE_APPLIED,OK,5,128,0,12765,0
12790,ACK,ACK_STATE,OK,3,128,0,0,0
12810,DATA,STATE_APPLIED,OK,0,129,0,12790,0
12810,ACK,ACK_STATE,OK,5,128,0,0,0
12820,DATA,STATE_APPLIED,OK,7,128,0,12794,0
12830,ACK,ACK_STATE,OK,0,129,0,0,0
12840,DATA,STATE_APPLIED,OK,2,129,0,12816,0
12840,ACK,ACK_STATE,OK,7,128,0,0,0
12850,DATA,STATE_APPLIED,OK,1,129,0,12811,0
12860,DATA,STATE_APPLIED,OK,3,129,0,12833,0
12860,ACK,ACK_STATE,OK,2,129,0,0,0
12870,ACK,ACK_STATE,OK,1,129,0,0,0
12880,ACK,ACK_STATE,OK,3,129,0,0,0
12890,DATA,STATE_APPLIED,OK,6,128,0,12768,0
12900,DATA,STATE_APPLIED,OK,5,129,0,12862,0
12910,ACK,ACK_STATE,OK,6,128,0,0,0
12920,ACK,ACK_STATE,OK,5,129,0,0,0
12930,DATA,STATE_APPLIED,OK,6,129,0,12877,0
12940,DATA,STATE_APPLIED,OK,0,130,0,12910,0
12950,DATA,STATE_APPLIED,OK,1,130,0,12907,0
12950,ACK,ACK_STATE,OK,6,129,0,0,0
12960,DATA,STATE_APPLIED,OK,2,130,0,12934,0
12960,ACK,ACK_STATE,OK,0,130,0,0,0
12970,DATA,STATE_APPLIED,OK,3,130,0,12944,0
12970,ACK,ACK_STATE,OK,1,130,0,0,0
12980,ACK,ACK_STATE,OK,2,130,0,0,0
12990,DATA,STATE_APPLIED,OK,5,130,0,12961,0
12990,ACK,ACK_STATE,OK,3,130,0,0,0
13010,ACK,ACK_STATE,OK,5,130,0,0,0
13030,DATA,STATE_APPLIED,OK,1,131,0,13006,0
13040,DATA,STATE_APPLIED,OK,0,131,0,13002,0
13050,DATA,STATE_APPLIED,OK,2,131,0,13029,0
13050,ACK,ACK_STATE,OK,1,131,0,0,0
13060,ACK,ACK_STATE,OK,0,131,0,0,0
13070,DATA,STATE_APPLIED,OK,3,131,0,13042,0
13070,ACK,ACK_STATE,OK,2,131,0,0,0
13080,DATA,STATE_APPLIED,OK,4,131,0,13050,0
13090,DATA,STATE_APPLIED,OK,5,131,0,13055,0
13090,ACK,ACK_STATE,OK,3,131,0,0,0
13100,ACK,ACK_STATE,OK,4,131,0,0,0
13110,ACK,ACK_STATE,OK,5,131,0,0,0
13130,DATA,STATE_APPLIED,OK,0,132,0,13109,0
13140,DATA,STATE_APPLIED,OK,1,132,0,13107,0
13150,DATA,STATE_APPLIED,OK,2,132,0,13120,0
13150,ACK,ACK_STATE,OK,0,132,0,0,0
13160,DATA,STATE_APPLIED,OK,3,132,0,13133,0
13160,ACK,ACK_STATE,OK,1,132,0,0,0
13170,ACK,ACK_STATE,OK,2,132,0,0,0
13180,ACK,ACK_STATE,OK,3,132,0,0,0
13190,DATA,STATE_APPLIED,OK,5,132,0,13164,0
13210,ACK,ACK_STATE,OK,5,132,0,0,0
13230,DATA,STATE_APPLIED,OK,1,133,0,13207,0
13240,DATA,STATE_APPLIED,OK,0,133,0,13204,0
13250,DATA,STATE_APPLIED,OK,2,133,0,13223,0
13250,ACK,ACK_STATE,OK,1,133,0,0,0
13260,DATA,STATE_APPLIED,OK,3,133,0,13240,0
13260,ACK,ACK_STATE,OK,0,133,0,0,0
13270,ACK,ACK_STATE,OK,2,133,0,0,0
13280,ACK,ACK_STATE,OK,3,133,0,0,0
13290,DATA,STATE_APPLIED,OK,5,133,0,13263,0
13310,DATA,STATE_APPLIED,OK,6,133,0,13267,0
13310,ACK,ACK_STATE,OK,5,133,0,0,0
13330,DATA,STATE_APPLIED,OK,0,134,0,13310,0
13330,ACK,ACK_STATE,OK,6,133,0,0,0
13340,DATA,STATE_APPLIED,OK,1,134,0,13317,0
13350,DATA,STATE_APPLIED,OK,3,134,0,13328,0
13350,ACK,ACK_STATE,OK,0,134,0,0,0
13360,ACK,ACK_STATE,OK,1,134,0,0,0
13370,ACK,ACK_STATE,OK,3,134,0,0,0
13380,DATA,STATE_APPLIED,OK,5,134,0,13357,0
13400,DATA,STATE_APPLIED,OK,6,134,0,13375,0
13400,ACK,ACK_STATE,OK,5,134,0,0,0
13420,ACK,ACK_STATE,OK,6,134,0,0,0
13430,DATA,STATE_APPLIED,OK,0,135,0,13408,0
13440,DATA,STATE_APPLIED,OK,1,135,0,13415,0
13450,ACK,ACK_STATE,OK,0,135,0,0,0
13460,ACK,ACK_STATE,OK,1,135,0,0,0
13480,DATA,STATE_APPLIED,OK,4,135,0,13451,0
13490,DATA,STATE_APPLIED,OK,5,135,0,13464,0
13500,DATA,STATE_APPLIED,OK,6,135,0,13465,0
13500,ACK,ACK_STATE,OK,4,135,0,0,0
13510,DATA,STATE_APPLIED,OK,7,134,0,13380,0
13510,ACK,ACK_STATE,OK,5,135,0,0,0
13520,DATA,STATE_APPLIED,OK,0,136,0,13491,0
13520,ACK,ACK_STATE,OK,6,135,0,0,0
13530,ACK,ACK_STATE,OK,7,134,0,0,0
13540,DATA,STATE_APPLIED,OK,1,136,0,13517,0
13540,ACK,ACK_STATE,OK,0,136,0,0,0
13550,DATA,STATE_APPLIED,OK,7,135,0,13492,0
13560,ACK,ACK_STATE,OK,1,136,0,0,0
13570,DATA,STATE_APPLIED,OK,4,136,0,13542,0
13570,ACK,ACK_STATE,OK,7,135,0,0,0
13590,ACK,ACK_STATE,OK,4,136,0,0,0
13600,DATA,STATE_APPLIED,OK,6,136,0,13567,0
13620,DATA,STATE_APPLIED,OK,0,137,0,13600,0
13620,ACK,ACK_STATE,OK,6,136,0,0,0
13630,DATA,STATE_APPLIED,OK,7,136,0,13596,0
13640,DATA,STATE_APPLIED,OK,1,137,0,13603,0
13650,ACK,ACK_STATE,OK,7,136,0,0,0
13660,DATA,STATE_APPLIED,OK,2,137,0,13616,0
13660,ACK,ACK_STATE,OK,1,137,0,0,0
13680,ACK,ACK_STATE,OK,2,137,0,0,0
13700,DATA,STATE_APPLIED,OK,6,137,0,13674,0
13720,ACK,ACK_STATE,OK,6,137,0,0,0
13730,DATA,STATE_APPLIED,OK,1,138,0,13707,0
13740,DATA,STATE_APPLIED,OK,2,138,0,13718,0
13750,ACK,ACK_STATE,OK,1,138,0,0,0
13760,DATA,STATE_APPLIED,OK,3,137,0,13629,0
13760,ACK,ACK_STATE,OK,2,138,0,0,0
13780,ACK,ACK_STATE,OK,3,137,0,0,0
13800,DATA,STATE_APPLIED,OK,3,138,0,13741,0
13820,ACK,ACK_STATE,OK,3,138,0,0,0
13840,DATA,STATE_APPLIED,OK,1,139,0,13813,0
13850,DATA,STATE_APPLIED,OK,2,139,0,13817,0
13860,ACK,ACK_STATE,OK,1,139,0,0,0
13870,ACK,ACK_STATE,OK,2,139,0,0,0
13890,DATA,STATE_APPLIED,OK,5,138,0,13770,0
13910,ACK,ACK_STATE,OK,5,138,0,0,0
13920,DATA,STATE_APPLIED,OK,0,139,0,13798,0
13930,DATA,STATE_APPLIED,OK,5,139,0,13871,0
13940,DATA,STATE_APPLIED,OK,1,140,0,13904,0
13940,ACK,ACK_STATE,OK,0,139,0,0,0
13950,DATA,STATE_APPLIED,OK,2,140,0,13917,0
13950,ACK,ACK_STATE,OK,5,139,0,0,0
13960,DATA,STATE_APPLIED,OK,0,140,0,13905,0
13970,DATA,STATE_APPLIED,OK,4,140,0,13940,0
13970,ACK,ACK_STATE,OK,2,140,0,0,0
13980,DATA,STATE_APPLIED,OK,5,140,0,13955,0
13980,ACK,ACK_STATE,OK,0,140,0,0,0
13990,ACK,ACK_STATE,OK,4,140,0,0,0
15220,DATA,STATE_APPLIED,OK,0,152,0,15102,0
15230,DATA,EVENT_DELIVERED,OK,0,0,18,15210,1
15240,DATA,STATE_APPLIED,OK,2,153,0,15218,0
15240,ACK,ACK_STATE,OK,0,152,0,0,0
15250,ACK,ACK_EVENT,OK,0,0,18,0,0
15260,ACK,ACK_STATE,OK,2,153,0,0,0
15280,DATA,STATE_APPLIED,OK,4,153,0,15242,0
15300,DATA,EVENT_DELIVERED,OK,0,0,19,15261,1
15300,ACK,ACK_STATE,OK,4,153,0,0,0
15320,DATA,EVENT_DELIVERED,OK,0,0,20,15300,1
15320,ACK,ACK_EVENT,OK,0,0,19,0,0
15340,ACK,ACK_EVENT,OK,0,0,20,0,0
15350,DATA,STATE_APPLIED,OK,2,154,0,15330,0
15360,DATA,STATE_APPLIED,OK,3,154,0,15333,0
15370,ACK,ACK_STATE,OK,2,154,0,0,0
15380,ACK,ACK_STATE,OK,3,154,0,0,0
15450,DATA,STATE_APPLIED,OK,2,155,0,15428,0
15460,DATA,STATE_APPLIED,OK,3,155,0,15433,0
15470,ACK,ACK_STATE,OK,2,155,0,0,0
15480,DATA,STATE_APPLIED,OK,5,155,0,15457,0
15480,ACK,ACK_STATE,OK,3,155,0,0,0
15500,ACK,ACK_STATE,OK,5,155,0,0,0
15510,DATA,STATE_APPLIED,OK,7,155,0,15485,0
15530,ACK,ACK_STATE,OK,7,155,0,0,0
15560,DATA,STATE_APPLIED,OK,0,156,0,15497,0
15570,DATA,STATE_APPLIED,OK,2,156,0,15535,0
15580,DATA,STATE_APPLIED,OK,3,156,0,15542,0
15580,ACK,ACK_STATE,OK,0,156,0,0,0
15590,ACK,ACK_STATE,OK,2,156,0,0,0
15600,DATA,STATE_APPLIED,OK,5,156,0,15570,0
15610,DATA,STATE_APPLIED,OK,7,156,0,15578,0
15620,ACK,ACK_STATE,OK,5,156,0,0,0
15630,DATA,STATE_APPLIED,OK,0,157,0,15606,0
15630,ACK,ACK_STATE,OK,7,156,0,0,0
15650,DATA,STATE_APPLIED,OK,2,157,0,15623,0
15650,ACK,ACK_STATE,OK,0,157,0,0,0
15670,DATA,STATE_APPLIED,OK,4,156,0,15559,0
15670,ACK,ACK_STATE,OK,2,157,0,0,0
15680,DATA,STATE_APPLIED,OK,5,157,0,15659,0
15690,ACK,ACK_STATE,OK,4,156,0,0,0
15700,ACK,ACK_STATE,OK,5,157,0,0,0
15710,DATA,STATE_APPLIED,OK,4,157,0,15655,0
15720,DATA,EVENT_DELIVERED,OK,0,0,21,15700,1
15730,DATA,STATE_APPLIED,OK,7,157,0,15681,0
15730,ACK,ACK_STATE,OK,4,157,0,0,0
15740,DATA,STATE_APPLIED,OK,1,158,0,15706,0
15740,ACK,ACK_EVENT,OK,0,0,21,0,0
15750,DATA,STATE_APPLIED,OK,0,158,0,15692,0
15760,DATA,STATE_APPLIED,OK,2,158,0,15718,0
15760,ACK,ACK_STATE,OK,1,158,0,0,0
15770,ACK,ACK_STATE,OK,0,158,0,0,0
15780,ACK,ACK_STATE,OK,2,158,0,0,0
15820,DATA,STATE_APPLIED,OK,0,159,0,15796,0
15840,DATA,STATE_APPLIED,OK,1,159,0,15820,0
15840,ACK,ACK_STATE,OK,0,159,0,0,0
15860,ACK,ACK_STATE,OK,1,159,0,0,0
15880,DATA,STATE_APPLIED,OK,3,159,0,15847,0
15890,DATA,STATE_APPLIED,OK,6,158,0,15769,0
15900,ACK,ACK_STATE,OK,3,159,0,0,0
15910,ACK,ACK_STATE,OK,6,158,0,0,0
15920,DATA,STATE_APPLIED,OK,0,160,0,15894,0
15930,DATA,STATE_APPLIED,OK,6,159,0,15871,0
15940,DATA,STATE_APPLIED,OK,1,160,0,15912,0
15940,ACK,ACK_STATE,OK,0,160,0,0,0
15950,ACK,ACK_STATE,OK,6,159,0,0,0
15960,DATA,STATE_APPLIED,OK,3,160,0,15934,0
15960,ACK,ACK_STATE,OK,1,160,0,0,0
15980,ACK,ACK_STATE,OK,3,160,0,0,0
16000,DATA,STATE_APPLIED,OK,6,160,0,15977,0
16020,ACK,ACK_STATE,OK,6,160,0,0,0
16030,DATA,STATE_APPLIED,OK,7,160,0,15978,0
16040,DATA,STATE_APPLIED,OK,1,161,0,16013,0
16060,ACK,ACK_STATE,OK,1,161,0,0,0
16070,DATA,STATE_APPLIED,OK,3,161,0,16043,0
16080,DATA,STATE_APPLIED,OK,4,161,0,16041,0
16090,DATA,STATE_APPLIED,OK,5,161,0,16053,0
16090,ACK,ACK_STATE,OK,3,161,0,0,0
16100,DATA,STATE_APPLIED,OK,6,161,0,16078,0
16100,ACK,ACK_STATE,OK,4,161,0,0,0
16110,ACK,ACK_STATE,OK,5,161,0,0,0
16120,ACK,ACK_STATE,OK,6,161,0,0,0
16140,DATA,STATE_APPLIED,OK,1,162,0,16114,0
16150,DATA,STATE_APPLIED,OK,2,162,0,16125,0
16160,ACK,ACK_STATE,OK,1,162,0,0,0
16170,DATA,STATE_APPLIED,OK,3,162,0,16145,0
16170,ACK,ACK_STATE,OK,2,162,0,0,0
16180,DATA,STATE_APPLIED,OK,4,162,0,16151,0
16190,DATA,STATE_APPLIED,OK,5,162,0,16156,0
16190,ACK,ACK_STATE,OK,3,162,0,0,0
16200,ACK,ACK_STATE,OK,4,162,0,0,0
16210,DATA,STATE_APPLIED,OK,6,162,0,16182,0
16210,ACK,ACK_STATE,OK,5,162,0,0,0
16230,ACK,ACK_STATE,OK,6,162,0,0,0
16250,DATA,STATE_APPLIED,OK,2,163,0,16229,0
16260,DATA,STATE_APPLIED,OK,3,163,0,16229,0
16270,ACK,ACK_STATE,OK,2,163,0,0,0
16280,DATA,STATE_APPLIED,OK,4,163,0,16254,0
16280,ACK,ACK_STATE,OK,3,163,0,0,0
16290,DATA,STATE_APPLIED,OK,5,163,0,16265,0
16300,ACK,ACK_STATE,OK,4,163,0,0,0
16310,ACK,ACK_STATE,OK,5,163,0,0,0
16320,DATA,STATE_APPLIED,OK,0,164,0,16293,0
16330,DATA,STATE_APPLIED,OK,7,163,0,16279,0
16340,ACK,ACK_STATE,OK,0,164,0,0,0
16350,ACK,ACK_STATE,OK,7,163,0,0,0
16360,DATA,STATE_APPLIED,OK,2,164,0,16333,0
16370,DATA,STATE_APPLIED,OK,3,164,0,16336,0
16380,ACK,ACK_STATE,OK,2,164,0,0,0
16390,DATA,STATE_APPLIED,OK,5,164,0,16358,0
16390,ACK,ACK_STATE,OK,3,164,0,0,0
16410,DATA,STATE_APPLIED,OK,7,164,0,16385,0
16410,ACK,ACK_STATE,OK,5,164,0,0,0
16430,DATA,STATE_APPLIED,OK,0,165,0,16401,0
16430,ACK,ACK_STATE,OK,7,164,0,0,0
16450,ACK,ACK_STATE,OK,0,165,0,0,0
16460,DATA,STATE_APPLIED,OK,2,165,0,16434,0
16470,DATA,STATE_APPLIED,OK,3,165,0,16443,0
16480,ACK,ACK_STATE,OK,2,165,0,0,0
16490,DATA,STATE_APPLIED,OK,5,165,0,16464,0
16490,ACK,ACK_STATE,OK,3,165,0,0,0
16510,DATA,STATE_APPLIED,OK,7,165,0,16483,0
16510,ACK,ACK_STATE,OK,5,165,0,0,0
16520,DATA,STATE_APPLIED,OK,0,166,0,16490,0
16530,ACK,ACK_STATE,OK,7,165,0,0,0
16540,DATA,STATE_APPLIED,OK,1,166,0,16511,0
16540,ACK,ACK_STATE,OK,0,166,0,0,0
16550,DATA,STATE_APPLIED,OK,2,166,0,16522,0
16560,DATA,STATE_APPLIED,OK,3,166,0,16538,0
16560,ACK,ACK_STATE,OK,1,166,0,0,0
16570,ACK,ACK_STATE,OK,2,166,0,0,0
16580,ACK,ACK_STATE,OK,3,166,0,0,0
16590,DATA,STATE_APPLIED,OK,5,166,0,16567,0
16600,DATA,STATE_APPLIED,OK,6,166,0,16565,0
16610,DATA,STATE_APPLIED,OK,7,166,0,16577,0
16610,ACK,ACK_STATE,OK,5,166,0,0,0
16620,ACK,ACK_STATE,OK,6,166,0,0,0
16630,DATA,STATE_APPLIED,OK,0,167,0,16604,0
16630,ACK,ACK_STATE,OK,7,166,0,0,0
16640,DATA,STATE_APPLIED,OK,1,167,0,16611,0
16650,DATA,STATE_APPLIED,OK,2,167,0,16625,0
16650,ACK,ACK_STATE,OK,0,167,0,0,0
16660,ACK,ACK_STATE,OK,1,167,0,0,0
16670,DATA,STATE_APPLIED,OK,3,167,0,16642,0
16670,ACK,ACK_STATE,OK,2,167,0,0,0
16680,DATA,STATE_APPLIED,OK,4,167,0,16650,0
16690,DATA,STATE_APPLIED,OK,5,167,0,16659,0
16690,ACK,ACK_STATE,OK,3,167,0,0,0
16700,DATA,STATE_APPLIED,OK,6,167,0,16679,0
16700,ACK,ACK_STATE,OK,4,167,0,0,0
16710,DATA,STATE_APPLIED,OK,7,167,0,16683,0
16710,ACK,ACK_STATE,OK,5,167,0,0,0
16720,DATA,STATE_APPLIED,OK,0,168,0,16696,0
16730,ACK,ACK_STATE,OK,7,167,0,0,0
16740,DATA,STATE_APPLIED,OK,1,168,0,16711,0
16740,ACK,ACK_STATE,OK,0,168,0,0,0
16760,DATA,STATE_APPLIED,OK,2,168,0,16733,0
16760,ACK,ACK_STATE,OK,1,168,0,0,0
16780,DATA,STATE_APPLIED,OK,4,168,0,16742,0
16780,ACK,ACK_STATE,OK,2,168,0,0,0
16790,DATA,STATE_APPLIED,OK,5,168,0,16765,0
16800,ACK,ACK_STATE,OK,4,168,0,0,0
16810,DATA,STATE_APPLIED,OK,7,168,0,16782,0
16810,ACK,ACK_STATE,OK,5,168,0,0,0
16830,DATA,STATE_APPLIED,OK,0,169,0,16801,0
16830,ACK,ACK_STATE,OK,7,168,0,0,0
16840,DATA,STATE_APPLIED,OK,1,169,0,16818,0
16850,DATA,STATE_APPLIED,OK,2,169,0,16819,0
16850,ACK,ACK_STATE,OK,0,169,0,0,0
16860,ACK,ACK_STATE,OK,1,169,0,0,0
16870,ACK,ACK_STATE,OK,2,169,0,0,0
16880,DATA,STATE_APPLIED,OK,4,169,0,16853,0
16900,ACK,ACK_STATE,OK,4,169,0,0,0
16930,DATA,STATE_APPLIED,OK,0,170,0,16906,0
16940,DATA,STATE_APPLIED,OK,1,170,0,16915,0
16950,DATA,STATE_APPLIED,OK,2,170,0,16920,0
16950,ACK,ACK_STATE,OK,0,170,0,0,0
16960,ACK,ACK_STATE,OK,1,170,0,0,0
16970,ACK,ACK_STATE,OK,2,170,0,0,0
16980,DATA,STATE_APPLIED,OK,4,170,0,16957,0
17000,DATA,STATE_APPLIED,OK,6,170,0,16967,0
17000,ACK,ACK_STATE,OK,4,170,0,0,0
18240,DATA,STATE_APPLIED,OK,1,183,0,18220,0
18250,DATA,EVENT_DELIVERED,OK,0,0,22,18210,1
18260,DATA,STATE_APPLIED,OK,2,183,0,18230,0
18260,ACK,ACK_STATE,OK,1,183,0,0,0
18270,DATA,STATE_APPLIED,OK,3,183,0,18238,0
18270,ACK,ACK_EVENT,OK,0,0,22,0,0
18280,DATA,STATE_APPLIED,OK,4,183,0,18245,0
18280,ACK,ACK_STATE,OK,2,183,0,0,0
18290,ACK,ACK_STATE,OK,3,183,0,0,0
18300,ACK,ACK_STATE,OK,4,183,0,0,0
18330,DATA,STATE_APPLIED,OK,1,184,0,18308,0
18350,DATA,STATE_APPLIED,OK,2,184,0,18325,0
18350,ACK,ACK_STATE,OK,1,184,0,0,0
18370,DATA,STATE_APPLIED,OK,3,184,0,18347,0
18370,ACK,ACK_STATE,OK,2,184,0,0,0
18380,DATA,STATE_APPLIED,OK,4,184,0,18346,0
18390,DATA,STATE_APPLIED,OK,5,184,0,18365,0
18390,ACK,ACK_STATE,OK,3,184,0,0,0
18400,ACK,ACK_STATE,OK,4,184,0,0,0
18410,ACK,ACK_STATE,OK,5,184,0,0,0
18420,DATA,STATE_APPLIED,OK,7,184,0,18386,0
18430,DATA,STATE_APPLIED,OK,1,185,0,18406,0
18440,ACK,ACK_STATE,OK,7,184,0,0,0
18450,ACK,ACK_STATE,OK,1,185,0,0,0
18470,DATA,STATE_APPLIED,OK,3,185,0,18445,0
18480,DATA,STATE_APPLIED,OK,4,185,0,18457,0
18490,DATA,STATE_APPLIED,OK,5,185,0,18466,0
18490,ACK,ACK_STATE,OK,3,185,0,0,0
18500,DATA,STATE_APPLIED,OK,6,185,0,18475,0
18500,ACK,ACK_STATE,OK,4,185,0,0,0
18510,ACK,ACK_STATE,OK,5,185,0,0,0
18520,ACK,ACK_STATE,OK,6,185,0,0,0
18530,DATA,STATE_APPLIED,OK,0,186,0,18499,0
18540,DATA,STATE_APPLIED,OK,1,186,0,18505,0
18550,ACK,ACK_STATE,OK,0,186,0,0,0
18560,DATA,STATE_APPLIED,OK,3,186,0,18531,0
18560,ACK,ACK_STATE,OK,1,186,0,0,0
18580,DATA,STATE_APPLIED,OK,4,186,0,18559,0
18580,ACK,ACK_STATE,OK,3,186,0,0,0
18590,DATA,STATE_APPLIED,OK,5,186,0,18568,0
18600,DATA,STATE_APPLIED,OK,6,186,0,18572,0
18600,ACK,ACK_STATE,OK,4,186,0,0,0
18610,ACK,ACK_STATE,OK,5,186,0,0,0
18620,DATA,STATE_APPLIED,OK,0,187,0,18591,0
18620,ACK,ACK_STATE,OK,6,186,0,0,0
18630,DATA,STATE_APPLIED,OK,1,187,0,18604,0
18640,ACK,ACK_STATE,OK,0,187,0,0,0
18650,ACK,ACK_STATE,OK,1,187,0,0,0
18660,DATA,STATE_APPLIED,OK,3,187,0,18634,0
18680,ACK,ACK_STATE,OK,3,187,0,0,0
18720,DATA,EVENT_DELIVERED,OK,0,0,23,18700,1
18730,DATA,STATE_APPLIED,OK,0,188,0,18697,0
18740,DATA,STATE_APPLIED,OK,1,188,0,18715,0
18740,ACK,ACK_EVENT,OK,0,0,23,0,0
18750,ACK,ACK_STATE,OK,0,188,0,0,0
18760,DATA,STATE_APPLIED,OK,2,188,0,18718,0
18760,ACK,ACK_STATE,OK,1,188,0,0,0
18770,DATA,STATE_APPLIED,OK,3,188,0,18743,0
18780,ACK,ACK_STATE,OK,2,188,0,0,0
18790,ACK,ACK_STATE,OK,3,188,0,0,0
18820,DATA,STATE_APPLIED,OK,7,188,0,18796,0
18830,DATA,STATE_APPLIED,OK,0,189,0,18791,0
18840,DATA,STATE_APPLIED,OK,1,189,0,18814,0
18840,ACK,ACK_STATE,OK,7,188,0,0,0
18850,ACK,ACK_STATE,OK,0,189,0,0,0
18860,ACK,ACK_STATE,OK,1,189,0,0,0
18930,DATA,STATE_APPLIED,OK,0,190,0,18908,0
18940,DATA,STATE_APPLIED,OK,1,190,0,18902,0
18950,ACK,ACK_STATE,OK,0,190,0,0,0
18960,ACK,ACK_STATE,OK,1,190,0,0,0
18970,DATA,STATE_APPLIED,OK,4,189,0,18854,0
18990,ACK,ACK_STATE,OK,4,189,0,0,0
19000,DATA,STATE_APPLIED,OK,6,190,0,18972,0
19010,DATA,STATE_APPLIED,OK,4,190,0,18958,0
19020,DATA,EVENT_DELIVERED,OK,0,0,24,18995,1
19020,ACK,ACK_STATE,OK,6,190,0,0,0
19030,DATA,STATE_APPLIED,OK,0,191,0,19000,0
19030,ACK,ACK_STATE,OK,4,190,0,0,0
19040,DATA,STATE_APPLIED,OK,1,191,0,19011,0
19040,ACK,ACK_EVENT,OK,0,0,24,0,0
19050,ACK,ACK_STATE,OK,0,191,0,0,0
19060,ACK,ACK_STATE,OK,1,191,0,0,0
19100,DATA,STATE_APPLIED,OK,6,191,0,19071,0
19120,ACK,ACK_STATE,OK,6,191,0,0,0
19130,DATA,STATE_APPLIED,OK,0,192,0,19104,0
19140,DATA,STATE_APPLIED,OK,1,192,0,19107,0
19150,DATA,STATE_APPLIED,OK,2,192,0,19123,0
19150,ACK,ACK_STATE,OK,0,192,0,0,0
19160,ACK,ACK_STATE,OK,1,192,0,0,0
19170,ACK,ACK_STATE,OK,2,192,0,0,0
19210,DATA,STATE_APPLIED,OK,6,192,0,19182,0
19230,DATA,STATE_APPLIED,OK,0,193,0,19204,0
19230,ACK,ACK_STATE,OK,6,192,0,0,0
19250,DATA,STATE_APPLIED,OK,1,193,0,19221,0
19260,DATA,STATE_APPLIED,OK,2,193,0,19223,0
19270,ACK,ACK_STATE,OK,1,193,0,0,0
19280,ACK,ACK_STATE,OK,2,193,0,0,0
19380,DATA,STATE_APPLIED,OK,4,194,0,19347,0
19400,ACK,ACK_STATE,OK,4,194,0,0,0
19520,DATA,STATE_APPLIED,OK,7,195,0,19495,0
19530,DATA,STATE_APPLIED,OK,0,196,0,19507,0
19540,ACK,ACK_STATE,OK,7,195,0,0,0
19550,ACK,ACK_STATE,OK,0,196,0,0,0
19580,DATA,STATE_APPLIED,OK,5,196,0,19555,0
19600,DATA,STATE_APPLIED,OK,6,196,0,19571,0
19600,ACK,ACK_STATE,OK,5,196,0,0,0
19620,DATA,STATE_APPLIED,OK,7,196,0,19595,0
19620,ACK,ACK_STATE,OK,6,196,0,0,0
19630,DATA,STATE_APPLIED,OK,1,196,0,19521,0
19640,ACK,ACK_STATE,OK,7,196,0,0,0
19650,DATA,STATE_APPLIED,OK,2,197,0,19625,0
19650,ACK,ACK_STATE,OK,1,196,0,0,0
19670,DATA,STATE_APPLIED,OK,1,197,0,19614,0
19670,ACK,ACK_STATE,OK,2,197,0,0,0
19690,ACK,ACK_STATE,OK,1,197,0,0,0
19700,DATA,STATE_APPLIED,OK,5,197,0,19672,0
19710,DATA,STATE_APPLIED,OK,6,197,0,19680,0
19720,DATA,STATE_APPLIED,OK,7,197,0,19679,0
19720,ACK,ACK_STATE,OK,5,197,0,0,0
19730,ACK,ACK_STATE,OK,6,197,0,0,0
19740,ACK,ACK_STATE,OK,7,197,0,0,0
19750,DATA,STATE_APPLIED,OK,2,198,0,19721,0
19770,ACK,ACK_STATE,OK,2,198,0,0,0
19780,DATA,STATE_APPLIED,OK,4,198,0,19740,0
19790,DATA,STATE_APPLIED,OK,5,198,0,19761,0
19810,DATA,STATE_APPLIED,OK,7,198,0,19783,0
19810,ACK,ACK_STATE,OK,5,198,0,0,0
19830,ACK,ACK_STATE,OK,7,198,0,0,0
19860,DATA,STATE_APPLIED,OK,2,199,0,19834,0
19890,DATA,STATE_APPLIED,OK,5,199,0,19865,0
19910,ACK,ACK_STATE,OK,5,199,0,0,0
19920,DATA,STATE_APPLIED,OK,7,199,0,19896,0
19940,DATA,STATE_APPLIED,OK,0,200,0,19909,0
19940,ACK,ACK_STATE,OK,7,199,0,0,0
19950,DATA,EVENT_DELIVERED,OK,0,0,25,19923,1
19960,ACK,ACK_STATE,OK,0,200,0,0,0
19970,ACK,ACK_EVENT,OK,0,0,25,0,0
21250,DATA,EVENT_DELIVERED,OK,0,0,26,21210,1
21260,DATA,STATE_APPLIED,OK,3,212,0,21132,0
21270,ACK,ACK_EVENT,OK,0,0,26,0,0
21280,DATA,STATE_APPLIED,OK,4,213,0,21257,0
21280,ACK,ACK_STATE,OK,3,212,0,0,0
21300,DATA,STATE_APPLIED,OK,6,213,0,21280,0
21300,ACK,ACK_STATE,OK,4,213,0,0,0
21320,ACK,ACK_STATE,OK,6,213,0,0,0
21360,DATA,STATE_APPLIED,OK,2,214,0,21335,0
21380,ACK,ACK_STATE,OK,2,214,0,0,0
21410,DATA,STATE_APPLIED,OK,6,214,0,21381,0
21420,DATA,EVENT_DELIVERED,OK,0,0,27,21398,1
21430,ACK,ACK_STATE,OK,6,214,0,0,0
21440,ACK,ACK_EVENT,OK,0,0,27,0,0
21450,DATA,STATE_APPLIED,OK,2,215,0,21425,0
21470,ACK,ACK_STATE,OK,2,215,0,0,0
21490,DATA,STATE_APPLIED,OK,5,215,0,21462,0
21500,DATA,STATE_APPLIED,OK,6,215,0,21475,0
21510,ACK,ACK_STATE,OK,5,215,0,0,0
21520,DATA,STATE_APPLIED,OK,7,215,0,21479,0
21520,ACK,ACK_STATE,OK,6,215,0,0,0
21530,DATA,STATE_APPLIED,OK,1,215,0,21418,0
21540,DATA,STATE_APPLIED,OK,0,216,0,21492,0
21540,ACK,ACK_STATE,OK,7,215,0,0,0
21550,DATA,STATE_APPLIED,OK,2,216,0,21523,0
21560,ACK,ACK_STATE,OK,0,216,0,0,0
21570,ACK,ACK_STATE,OK,2,216,0,0,0
21580,DATA,STATE_APPLIED,OK,5,216,0,21559,0
21600,DATA,STATE_APPLIED,OK,6,216,0,21580,0
21600,ACK,ACK_STATE,OK,5,216,0,0,0
21620,DATA,STATE_APPLIED,OK,7,216,0,21595,0
21620,ACK,ACK_STATE,OK,6,216,0,0,0
21630,DATA,STATE_APPLIED,OK,0,217,0,21609,0
21640,ACK,ACK_STATE,OK,7,216,0,0,0
21650,DATA,STATE_APPLIED,OK,2,217,0,21622,0
21650,ACK,ACK_STATE,OK,0,217,0,0,0
21670,ACK,ACK_STATE,OK,2,217,0,0,0
21680,DATA,STATE_APPLIED,OK,4,217,0,21655,0
21700,DATA,STATE_APPLIED,OK,6,217,0,21666,0
21700,ACK,ACK_STATE,OK,4,217,0,0,0
21720,DATA,EVENT_DELIVERED,OK,0,0,28,21700,1
21720,ACK,ACK_STATE,OK,6,217,0,0,0
21730,DATA,STATE_APPLIED,OK,7,217,0,21697,0
21740,DATA,STATE_APPLIED,OK,0,218,0,21704,0
21740,ACK,ACK_EVENT,OK,0,0,28,0,0
21760,DATA,STATE_APPLIED,OK,2,218,0,21731,0
21760,ACK,ACK_STATE,OK,0,218,0,0,0
21780,DATA,STATE_APPLIED,OK,4,218,0,21751,0
21780,ACK,ACK_STATE,OK,2,218,0,0,0
21800,DATA,STATE_APPLIED,OK,6,218,0,21776,0
21800,ACK,ACK_STATE,OK,4,218,0,0,0
21820,DATA,STATE_APPLIED,OK,0,219,0,21800,0
21820,ACK,ACK_STATE,OK,6,218,0,0,0
21840,DATA,STATE_APPLIED,OK,2,219,0,21816,0
21840,ACK,ACK_STATE,OK,0,219,0,0,0
21860,ACK,ACK_STATE,OK,2,219,0,0,0
21880,DATA,STATE_APPLIED,OK,4,219,0,21857,0
21890,DATA,STATE_APPLIED,OK,6,219,0,21865,0
21900,ACK,ACK_STATE,OK,4,219,0,0,0
21910,DATA,STATE_APPLIED,OK,3,219,0,21830,0
21930,DATA,STATE_APPLIED,OK,0,220,0,21906,0
21930,ACK,ACK_STATE,OK,3,219,0,0,0
21940,DATA,EVENT_DELIVERED,OK,0,0,29,21911,1
21950,DATA,STATE_APPLIED,OK,2,220,0,21915,0
21950,ACK,ACK_STATE,OK,0,220,0,0,0
21960,DATA,STATE_APPLIED,OK,4,220,0,21940,0
21960,ACK,ACK_EVENT,OK,0,0,29,0,0
21970,DATA,STATE_APPLIED,OK,3,220,0,21941,0
21970,ACK,ACK_STATE,OK,2,220,0,0,0
21980,ACK,ACK_STATE,OK,4,220,0,0,0
21990,DATA,STATE_APPLIED,OK,5,220,0,21966,0
21990,ACK,ACK_STATE,OK,3,220,0,0,0
22010,ACK,ACK_STATE,OK,5,220,0,0,0
22020,DATA,STATE_APPLIED,OK,0,221,0,21992,0
22040,ACK,ACK_STATE,OK,0,221,0,0,0
22050,DATA,STATE_APPLIED,OK,2,221,0,22026,0
22060,DATA,STATE_APPLIED,OK,3,221,0,22039,0
22070,DATA,STATE_APPLIED,OK,4,221,0,22043,0
22070,ACK,ACK_STATE,OK,2,221,0,0,0
22080,ACK,ACK_STATE,OK,3,221,0,0,0
22090,ACK,ACK_STATE,OK,4,221,0,0,0
22120,DATA,STATE_APPLIED,OK,0,222,0,22094,0
22140,ACK,ACK_STATE,OK,0,222,0,0,0
22150,DATA,STATE_APPLIED,OK,2,222,0,22121,0
22160,DATA,STATE_APPLIED,OK,3,222,0,22135,0
22170,ACK,ACK_STATE,OK,2,222,0,0,0
22180,DATA,STATE_APPLIED,OK,4,222,0,22151,0
22180,ACK,ACK_STATE,OK,3,222,0,0,0
22190,DATA,STATE_APPLIED,OK,6,221,0,22077,0
22200,ACK,ACK_STATE,OK,4,222,0,0,0
22210,ACK,ACK_STATE,OK,6,221,0,0,0
22230,DATA,STATE_APPLIED,OK,6,222,0,22178,0
22240,DATA,STATE_APPLIED,OK,0,223,0,22205,0
22250,DATA,STATE_APPLIED,OK,2,223,0,22228,0
22260,ACK,ACK_STATE,OK,0,223,0,0,0
22270,ACK,ACK_STATE,OK,2,223,0,0,0
22280,DATA,STATE_APPLIED,OK,4,223,0,22241,0
22300,ACK,ACK_STATE,OK,4,223,0,0,0
22330,DATA,STATE_APPLIED,OK,7,223,0,22277,0
22340,DATA,STATE_APPLIED,OK,0,224,0,22303,0
22350,ACK,ACK_STATE,OK,7,223,0,0,0
22360,DATA,STATE_APPLIED,OK,2,224,0,22331,0
22360,ACK,ACK_STATE,OK,0,224,0,0,0
22380,DATA,STATE_APPLIED,OK,5,223,0,22264,0
22380,ACK,ACK_STATE,OK,2,224,0,0,0
22390,DATA,STATE_APPLIED,OK,4,224,0,22353,0
22400,ACK,ACK_STATE,OK,5,223,0,0,0
22410,ACK,ACK_STATE,OK,4,224,0,0,0
22420,DATA,STATE_APPLIED,OK,5,224,0,22361,0
22440,DATA,STATE_APPLIED,OK,7,224,0,22396,0
22440,ACK,ACK_STATE,OK,5,224,0,0,0
22450,DATA,STATE_APPLIED,OK,0,225,0,22393,0
22460,DATA,STATE_APPLIED,OK,2,225,0,22418,0
22460,ACK,ACK_STATE,OK,7,224,0,0,0
22470,ACK,ACK_STATE,OK,0,225,0,0,0
22480,DATA,STATE_APPLIED,OK,4,225,0,22459,0
22480,ACK,ACK_STATE,OK,2,225,0,0,0
22490,DATA,STATE_APPLIED,OK,5,225,0,22454,0
22500,ACK,ACK_STATE,OK,4,225,0,0,0
22510,DATA,STATE_APPLIED,OK,7,225,0,22489,0
22510,ACK,ACK_STATE,OK,5,225,0,0,0
22520,DATA,STATE_APPLIED,OK,0,226,0,22498,0
22530,DATA,STATE_APPLIED,OK,6,225,0,22466,0
22530,ACK,ACK_STATE,OK,7,225,0,0,0
22540,ACK,ACK_STATE,OK,0,226,0,0,0
22550,DATA,STATE_APPLIED,OK,2,226,0,22523,0
22550,ACK,ACK_STATE,OK,6,225,0,0,0
22570,ACK,ACK_STATE,OK,2,226,0,0,0
22590,DATA,STATE_APPLIED,OK,4,226,0,22549,0
22610,DATA,STATE_APPLIED,OK,6,226,0,22583,0
22610,ACK,ACK_STATE,OK,4,226,0,0,0
22620,DATA,STATE_APPLIED,OK,7,226,0,22581,0
22640,DATA,STATE_APPLIED,OK,2,227,0,22620,0
22640,ACK,ACK_STATE,OK,7,226,0,0,0
22660,ACK,ACK_STATE,OK,2,227,0,0,0
22670,DATA,STATE_APPLIED,OK,4,227,0,22644,0
22690,ACK,ACK_STATE,OK,4,227,0,0,0
22720,DATA,STATE_APPLIED,OK,7,227,0,22694,0
22730,DATA,STATE_APPLIED,OK,1,227,0,22616,0
22740,ACK,ACK_STATE,OK,7,227,0,0,0
22750,DATA,STATE_APPLIED,OK,2,228,0,22729,0
22750,ACK,ACK_STATE,OK,1,227,0,0,0
22770,DATA,STATE_APPLIED,OK,1,228,0,22712,0
22770,ACK,ACK_STATE,OK,2,228,0,0,0
22780,DATA,STATE_APPLIED,OK,4,228,0,22747,0
22790,ACK,ACK_STATE,OK,1,228,0,0,0
22800,DATA,STATE_APPLIED,OK,7,228,0,22780,0
22800,ACK,ACK_STATE,OK,4,228,0,0,0
22820,ACK,ACK_STATE,OK,7,228,0,0,0
22840,DATA,STATE_APPLIED,OK,2,229,0,22815,0
22860,ACK,ACK_STATE,OK,2,229,0,0,0
22880,DATA,STATE_APPLIED,OK,5,228,0,22768,0
22910,DATA,STATE_APPLIED,OK,6,229,0,22885,0
22920,DATA,STATE_APPLIED,OK,7,229,0,22887,0
22930,DATA,STATE_APPLIED,OK,0,230,0,22896,0
22930,ACK,ACK_STATE,OK,6,229,0,0,0
22950,DATA,STATE_APPLIED,OK,2,230,0,22923,0
22950,ACK,ACK_STATE,OK,0,230,0,0,0
22970,ACK,ACK_STATE,OK,2,230,0,0,0
23000,DATA,STATE_APPLIED,OK,6,230,0,22978,0
24230,DATA,STATE_APPLIED,OK,0,243,0,24191,0
24240,DATA,STATE_APPLIED,OK,2,242,0,24133,0
24250,DATA,EVENT_DELIVERED,OK,0,0,30,24210,1
24250,ACK,ACK_STATE,OK,0,243,0,0,0
24260,ACK,ACK_STATE,OK,2,242,0,0,0
24270,ACK,ACK_EVENT,OK,0,0,30,0,0
24280,DATA,STATE_APPLIED,OK,2,243,0,24232,0
24300,ACK,ACK_STATE,OK,2,243,0,0,0
24320,DATA,STATE_APPLIED,OK,0,244,0,24296,0
24330,DATA,STATE_APPLIED,OK,1,244,0,24303,0
24340,DATA,STATE_APPLIED,OK,2,244,0,24315,0
24340,ACK,ACK_STATE,OK,0,244,0,0,0
24350,ACK,ACK_STATE,OK,1,244,0,0,0
24360,ACK,ACK_STATE,OK,2,244,0,0,0
24390,DATA,STATE_APPLIED,OK,4,244,0,24351,0
24410,ACK,ACK_STATE,OK,4,244,0,0,0
24420,DATA,STATE_APPLIED,OK,7,244,0,24391,0
24430,DATA,STATE_APPLIED,OK,0,245,0,24406,0
24440,DATA,STATE_APPLIED,OK,1,245,0,24404,0
24440,ACK,ACK_STATE,OK,7,244,0,0,0
24450,ACK,ACK_STATE,OK,0,245,0,0,0
24460,ACK,ACK_STATE,OK,1,245,0,0,0
24470,DATA,STATE_APPLIED,OK,4,245,0,24443,0
24490,ACK,ACK_STATE,OK,4,245,0,0,0
24500,DATA,STATE_APPLIED,OK,6,245,0,24471,0
24510,DATA,STATE_APPLIED,OK,7,245,0,24490,0
24520,ACK,ACK_STATE,OK,6,245,0,0,0
24530,DATA,STATE_APPLIED,OK,0,246,0,24506,0
24530,ACK,ACK_STATE,OK,7,245,0,0,0
24550,ACK,ACK_STATE,OK,0,246,0,0,0
24570,DATA,STATE_APPLIED,OK,4,246,0,24541,0
24590,ACK,ACK_STATE,OK,4,246,0,0,0
24600,DATA,STATE_APPLIED,OK,6,246,0,24574,0
24610,DATA,EVENT_DELIVERED,OK,0,0,31,24587,1
24620,DATA,STATE_APPLIED,OK,7,246,0,24591,0
24620,ACK,ACK_STATE,OK,6,246,0,0,0
24630,DATA,STATE_APPLIED,OK,0,247,0,24597,0
24630,ACK,ACK_EVENT,OK,0,0,31,0,0
24640,ACK,ACK_STATE,OK,7,246,0,0,0
24650,ACK,ACK_STATE,OK,0,247,0,0,0
24670,DATA,STATE_APPLIED,OK,3,247,0,24629,0
24680,DATA,STATE_APPLIED,OK,5,246,0,24554,0
24690,DATA,STATE_APPLIED,OK,4,247,0,24657,0
24690,ACK,ACK_STATE,OK,3,247,0,0,0
24700,DATA,STATE_APPLIED,OK,6,247,0,24671,0
24700,ACK,ACK_STATE,OK,5,246,0,0,0
24710,DATA,STATE_APPLIED,OK,7,247,0,24678,0
24710,ACK,ACK_STATE,OK,4,247,0,0,0
24720,DATA,EVENT_DELIVERED,OK,0,0,32,24700,1
24720,ACK,ACK_STATE,OK,6,247,0,0,0
24730,DATA,STATE_APPLIED,OK,5,247,0,24667,0
24730,ACK,ACK_STATE,OK,7,247,0,0,0
24740,DATA,STATE_APPLIED,OK,0,248,0,24693,0
24740,ACK,ACK_EVENT,OK,0,0,32,0,0
24750,DATA,STATE_APPLIED,OK,2,248,0,24722,0
24750,ACK,ACK_STATE,OK,5,247,0,0,0
24760,DATA,STATE_APPLIED,OK,3,248,0,24734,0
24760,ACK,ACK_STATE,OK,0,248,0,0,0
24770,DATA,STATE_APPLIED,OK,4,248,0,24744,0
24770,ACK,ACK_STATE,OK,2,248,0,0,0
24780,DATA,STATE_APPLIED,OK,5,248,0,24752,0
24780,ACK,ACK_STATE,OK,3,248,0,0,0
24790,DATA,STATE_APPLIED,OK,6,248,0,24769,0
24790,ACK,ACK_STATE,OK,4,248,0,0,0
24800,ACK,ACK_STATE,OK,5,248,0,0,0
24810,ACK,ACK_STATE,OK,6,248,0,0,0
24840,DATA,STATE_APPLIED,OK,1,249,0,24809,0
24850,DATA,STATE_APPLIED,OK,2,249,0,24815,0
24860,DATA,STATE_APPLIED,OK,3,249,0,24828,0
24860,ACK,ACK_STATE,OK,1,249,0,0,0
24870,ACK,ACK_STATE,OK,2,249,0,0,0
24880,ACK,ACK_STATE,OK,3,249,0,0,0
24890,DATA,STATE_APPLIED,OK,5,249,0,24859,0
24900,DATA,STATE_APPLIED,OK,6,249,0,24877,0
24910,ACK,ACK_STATE,OK,5,249,0,0,0
24920,ACK,ACK_STATE,OK,6,249,0,0,0
24930,DATA,STATE_APPLIED,OK,1,250,0,24910,0
24950,ACK,ACK_STATE,OK,1,250,0,0,0
24970,DATA,STATE_APPLIED,OK,3,250,0,24943,0
24990,ACK,ACK_STATE,OK,3,250,0,0,0
25000,DATA,STATE_APPLIED,OK,5,250,0,24972,0
25010,DATA,STATE_APPLIED,OK,6,250,0,24971,0
25020,ACK,ACK_STATE,OK,5,250,0,0,0
25030,DATA,STATE_APPLIED,OK,1,251,0,25008,0
25030,ACK,ACK_STATE,OK,6,250,0,0,0
25050,DATA,STATE_APPLIED,OK,3,251,0,25027,0
25050,ACK,ACK_STATE,OK,1,251,0,0,0
25070,ACK,ACK_STATE,OK,3,251,0,0,0
25080,DATA,STATE_APPLIED,OK,5,251,0,25053,0
25100,ACK,ACK_STATE,OK,5,251,0,0,0
25110,DATA,STATE_APPLIED,OK,6,251,0,25084,0
25130,DATA,STATE_APPLIED,OK,0,252,0,25100,0
25130,ACK,ACK_STATE,OK,6,251,0,0,0
25140,DATA,STATE_APPLIED,OK,1,252,0,25107,0
25150,ACK,ACK_STATE,OK,0,252,0,0,0
25170,DATA,STATE_APPLIED,OK,3,252,0,25143,0
25190,DATA,STATE_APPLIED,OK,5,252,0,25170,0
25190,ACK,ACK_STATE,OK,3,252,0,0,0
25200,DATA,EVENT_DELIVERED,OK,0,0,33,25179,1
25210,DATA,STATE_APPLIED,OK,6,252,0,25176,0
25210,ACK,ACK_STATE,OK,5,252,0,0,0
25220,ACK,ACK_EVENT,OK,0,0,33,0,0
25230,DATA,STATE_APPLIED,OK,0,253,0,25206,0
25230,ACK,ACK_STATE,OK,6,252,0,0,0
25250,ACK,ACK_STATE,OK,0,253,0,0,0
25260,DATA,STATE_APPLIED,OK,3,253,0,25232,0
25280,ACK,ACK_STATE,OK,3,253,0,0,0
25290,DATA,STATE_APPLIED,OK,5,253,0,25263,0
25300,DATA,STATE_APPLIED,OK,6,253,0,25266,0
25310,ACK,ACK_STATE,OK,5,253,0,0,0
25320,DATA,STATE_APPLIED,OK,0,254,0,25294,0
25320,ACK,ACK_STATE,OK,6,253,0,0,0
25340,ACK,ACK_STATE,OK,0,254,0,0,0
25360,DATA,STATE_APPLIED,OK,3,254,0,25340,0
25390,DATA,STATE_APPLIED,OK,5,254,0,25363,0
25400,DATA,STATE_APPLIED,OK,6,254,0,25376,0
25420,DATA,STATE_APPLIED,OK,7,254,0,25388,0
25420,ACK,ACK_STATE,OK,6,254,0,0,0
25430,DATA,STATE_APPLIED,OK,0,255,0,25408,0
25440,ACK,ACK_STATE,OK,7,254,0,0,0
25450,ACK,ACK_STATE,OK,0,255,0,0,0
25480,DATA,STATE_APPLIED,OK,4,255,0,25440,0
25500,DATA,STATE_APPLIED,OK,6,255,0,25480,0
25500,ACK,ACK_STATE,OK,4,255,0,0,0
25510,DATA,STATE_APPLIED,OK,7,255,0,25477,0
25520,ACK,ACK_STATE,OK,6,255,0,0,0
25530,ACK,ACK_STATE,OK,7,255,0,0,0
25550,DATA,STATE_APPLIED,OK,2,256,0,25530,0
25570,ACK,ACK_STATE,OK,2,256,0,0,0
25580,DATA,STATE_APPLIED,OK,4,256,0,25557,0
25590,DATA,STATE_APPLIED,OK,6,256,0,25569,0
25600,DATA,EVENT_DELIVERED,OK,0,0,34,25573,1
25600,ACK,ACK_STATE,OK,4,256,0,0,0
25610,DATA,STATE_APPLIED,OK,7,256,0,25590,0
25610,ACK,ACK_STATE,OK,6,256,0,0,0
25620,ACK,ACK_EVENT,OK,0,0,34,0,0
25630,ACK,ACK_STATE,OK,7,256,0,0,0
25650,DATA,STATE_APPLIED,OK,2,257,0,25629,0
25660,DATA,STATE_APPLIED,OK,3,256,0,25527,0
25670,ACK,ACK_STATE,OK,2,257,0,0,0
25680,DATA,STATE_APPLIED,OK,4,257,0,25660,0
25680,ACK,ACK_STATE,OK,3,256,0,0,0
25690,DATA,STATE_APPLIED,OK,5,257,0,25661,0
25700,DATA,STATE_APPLIED,OK,3,257,0,25644,0
25700,ACK,ACK_STATE,OK,4,257,0,0,0
25710,DATA,STATE_APPLIED,OK,6,257,0,25672,0
25710,ACK,ACK_STATE,OK,5,257,0,0,0
25720,ACK,ACK_STATE,OK,3,257,0,0,0
25730,ACK,ACK_STATE,OK,6,257,0,0,0
25740,DATA,STATE_APPLIED,OK,1,258,0,25711,0
25760,DATA,STATE_APPLIED,OK,2,258,0,25735,0
25760,ACK,ACK_STATE,OK,1,258,0,0,0
25770,DATA,STATE_APPLIED,OK,3,258,0,25747,0
25780,DATA,STATE_APPLIED,OK,4,258,0,25748,0
25780,ACK,ACK_STATE,OK,2,258,0,0,0
25790,DATA,STATE_APPLIED,OK,5,258,0,25765,0
25790,ACK,ACK_STATE,OK,3,258,0,0,0
25800,ACK,ACK_STATE,OK,4,258,0,0,0
25830,DATA,STATE_APPLIED,OK,0,259,0,25793,0
25850,DATA,STATE_APPLIED,OK,2,259,0,25828,0
25850,ACK,ACK_STATE,OK,0,259,0,0,0
25860,DATA,STATE_APPLIED,OK,3,259,0,25834,0
25870,ACK,ACK_STATE,OK,2,259,0,0,0
25920,DATA,EVENT_DELIVERED,OK,0,0,35,25895,1
25940,DATA,STATE_APPLIED,OK,2,260,0,25919,0
25940,ACK,ACK_EVENT,OK,0,0,35,0,0
25960,ACK,ACK_STATE,OK,2,260,0,0,0
27220,DATA,STATE_APPLIED,OK,7,272,0,27184,0
27230,DATA,EVENT_DELIVERED,OK,0,0,36,27210,1
27240,ACK,ACK_STATE,OK,7,272,0,0,0
27250,DATA,STATE_APPLIED,OK,2,273,0,27228,0
27250,ACK,ACK_EVENT,OK,0,0,36,0,0
27270,ACK,ACK_STATE,OK,2,273,0,0,0
27290,DATA,STATE_APPLIED,OK,5,273,0,27256,0
27300,DATA,STATE_APPLIED,OK,6,273,0,27273,0
27310,ACK,ACK_STATE,OK,5,273,0,0,0
27320,DATA,STATE_APPLIED,OK,7,273,0,27292,0
27320,ACK,ACK_STATE,OK,6,273,0,0,0
27340,DATA,STATE_APPLIED,OK,1,274,0,27312,0
27340,ACK,ACK_STATE,OK,7,273,0,0,0
27350,DATA,STATE_APPLIED,OK,2,274,0,27330,0
27360,DATA,STATE_APPLIED,OK,3,274,0,27331,0
27360,ACK,ACK_STATE,OK,1,274,0,0,0
27370,ACK,ACK_STATE,OK,2,274,0,0,0
27380,DATA,STATE_APPLIED,OK,4,274,0,27342,0
27380,ACK,ACK_STATE,OK,3,274,0,0,0
27390,DATA,STATE_APPLIED,OK,5,274,0,27364,0
27400,ACK,ACK_STATE,OK,4,274,0,0,0
27410,DATA,STATE_APPLIED,OK,6,274,0,27383,0
27410,ACK,ACK_STATE,OK,5,274,0,0,0
27430,DATA,STATE_APPLIED,OK,0,275,0,27393,0
27430,ACK,ACK_STATE,OK,6,274,0,0,0
27440,DATA,STATE_APPLIED,OK,1,275,0,27406,0
27450,DATA,STATE_APPLIED,OK,2,275,0,27418,0
27450,ACK,ACK_STATE,OK,0,275,0,0,0
27460,DATA,STATE_APPLIED,OK,3,275,0,27433,0
27460,ACK,ACK_STATE,OK,1,275,0,0,0
27470,ACK,ACK_STATE,OK,2,275,0,0,0
27480,DATA,STATE_APPLIED,OK,4,275,0,27457,0
27480,ACK,ACK_STATE,OK,3,275,0,0,0
27490,DATA,STATE_APPLIED,OK,5,275,0,27466,0
27500,ACK,ACK_STATE,OK,4,275,0,0,0
27510,DATA,STATE_APPLIED,OK,6,275,0,27482,0
27510,ACK,ACK_STATE,OK,5,275,0,0,0
27520,DATA,STATE_APPLIED,OK,0,276,0,27499,0
27530,ACK,ACK_STATE,OK,6,275,0,0,0
27540,DATA,STATE_APPLIED,OK,1,276,0,27515,0
27540,ACK,ACK_STATE,OK,0,276,0,0,0
27550,DATA,STATE_APPLIED,OK,2,276,0,27522,0
27560,ACK,ACK_STATE,OK,1,276,0,0,0
27570,ACK,ACK_STATE,OK,2,276,0,0,0
27580,DATA,STATE_APPLIED,OK,4,276,0,27557,0
27590,DATA,STATE_APPLIED,OK,5,276,0,27557,0
27600,DATA,STATE_APPLIED,OK,6,276,0,27566,0
27610,ACK,ACK_STATE,OK,5,276,0,0,0
27620,DATA,STATE_APPLIED,OK,0,277,0,27599,0
27620,ACK,ACK_STATE,OK,6,276,0,0,0
27640,DATA,STATE_APPLIED,OK,1,277,0,27618,0
27650,DATA,STATE_APPLIED,OK,2,277,0,27626,0
27660,ACK,ACK_STATE,OK,1,277,0,0,0
27670,ACK,ACK_STATE,OK,2,277,0,0,0
27680,DATA,STATE_APPLIED,OK,5,277,0,27656,0
27700,DATA,STATE_APPLIED,OK,7,276,0,27595,0
27700,ACK,ACK_STATE,OK,5,277,0,0,0
27710,DATA,STATE_APPLIED,OK,6,277,0,27674,0
27720,DATA,EVENT_DELIVERED,OK,0,0,37,27700,1
27720,ACK,ACK_STATE,OK,7,276,0,0,0
27740,DATA,STATE_APPLIED,OK,7,277,0,27684,0
27740,ACK,ACK_EVENT,OK,0,0,37,0,0
27750,DATA,STATE_APPLIED,OK,1,278,0,27718,0
27760,DATA,STATE_APPLIED,OK,2,278,0,27727,0
27760,ACK,ACK_STATE,OK,7,277,0,0,0
27770,ACK,ACK_STATE,OK,1,278,0,0,0
27780,ACK,ACK_STATE,OK,2,278,0,0,0
27790,DATA,STATE_APPLIED,OK,5,278,0,27764,0
27800,DATA,STATE_APPLIED,OK,7,278,0,27780,0
27810,ACK,ACK_STATE,OK,5,278,0,0,0
27820,ACK,ACK_STATE,OK,7,278,0,0,0
27830,DATA,STATE_APPLIED,OK,1,279,0,27809,0
27850,ACK,ACK_STATE,OK,1,279,0,0,0
27870,DATA,STATE_APPLIED,OK,2,279,0,27831,0
27880,DATA,STATE_APPLIED,OK,4,279,0,27850,0
27890,DATA,STATE_APPLIED,OK,5,279,0,27854,0
27890,ACK,ACK_STATE,OK,2,279,0,0,0
27900,DATA,STATE_APPLIED,OK,7,279,0,27880,0
27900,ACK,ACK_STATE,OK,4,279,0,0,0
27910,ACK,ACK_STATE,OK,5,279,0,0,0
27920,DATA,STATE_APPLIED,OK,0,279,0,27795,0
27920,ACK,ACK_STATE,OK,7,279,0,0,0
27970,DATA,STATE_APPLIED,OK,4,280,0,27946,0
27990,DATA,STATE_APPLIED,OK,5,280,0,27964,0
27990,ACK,ACK_STATE,OK,4,280,0,0,0
28010,ACK,ACK_STATE,OK,5,280,0,0,0
28020,DATA,STATE_APPLIED,OK,7,280,0,27988,0
28040,ACK,ACK_STATE,OK,7,280,0,0,0
28070,DATA,STATE_APPLIED,OK,4,281,0,28048,0
28080,DATA,STATE_APPLIED,OK,5,281,0,28060,0
28090,ACK,ACK_STATE,OK,4,281,0,0,0
28120,DATA,STATE_APPLIED,OK,7,281,0,28092,0
28140,ACK,ACK_STATE,OK,7,281,0,0,0
28170,DATA,STATE_APPLIED,OK,4,282,0,28143,0
28190,ACK,ACK_STATE,OK,4,282,0,0,0
28200,DATA,STATE_APPLIED,OK,7,282,0,28178,0
28220,DATA,STATE_APPLIED,OK,0,282,0,28107,0
28220,ACK,ACK_STATE,OK,7,282,0,0,0
28240,DATA,STATE_APPLIED,OK,1,283,0,28211,0
28240,ACK,ACK_STATE,OK,0,282,0,0,0
28250,DATA,STATE_APPLIED,OK,2,283,0,28223,0
28260,DATA,STATE_APPLIED,OK,0,283,0,28202,0
28260,ACK,ACK_STATE,OK,1,283,0,0,0
28270,ACK,ACK_STATE,OK,2,283,0,0,0
28280,DATA,STATE_APPLIED,OK,4,283,0,28257,0
28280,ACK,ACK_STATE,OK,0,283,0,0,0
28300,ACK,ACK_STATE,OK,4,283,0,0,0
28310,DATA,STATE_APPLIED,OK,6,283,0,28281,0
28320,DATA,STATE_APPLIED,OK,0,284,0,28294,0
28330,ACK,ACK_STATE,OK,6,283,0,0,0
28340,DATA,STATE_APPLIED,OK,1,284,0,28313,0
28340,ACK,ACK_STATE,OK,0,284,0,0,0
28350,DATA,STATE_APPLIED,OK,2,284,0,28328,0
28360,ACK,ACK_STATE,OK,1,284,0,0,0
28370,DATA,STATE_APPLIED,OK,4,284,0,28347,0
28370,ACK,ACK_STATE,OK,2,284,0,0,0
28390,ACK,ACK_STATE,OK,4,284,0,0,0
28400,DATA,STATE_APPLIED,OK,6,284,0,28372,0
28420,ACK,ACK_STATE,OK,6,284,0,0,0
28430,DATA,STATE_APPLIED,OK,0,285,0,28410,0
28440,DATA,STATE_APPLIED,OK,1,285,0,28408,0
28460,DATA,STATE_APPLIED,OK,3,285,0,28434,0
28460,ACK,ACK_STATE,OK,1,285,0,0,0
28480,DATA,STATE_APPLIED,OK,4,285,0,28451,0
28480,ACK,ACK_STATE,OK,3,285,0,0,0
28490,DATA,STATE_APPLIED,OK,6,285,0,28469,0
28500,ACK,ACK_STATE,OK,4,285,0,0,0
28510,ACK,ACK_STATE,OK,6,285,0,0,0
28530,DATA,STATE_APPLIED,OK,1,286,0,28509,0
28550,ACK,ACK_STATE,OK,1,286,0,0,0
28570,DATA,STATE_APPLIED,OK,3,286,0,28547,0
28580,DATA,STATE_APPLIED,OK,4,286,0,28549,0
28590,ACK,ACK_STATE,OK,3,286,0,0,0
28600,DATA,STATE_APPLIED,OK,7,285,0,28484,0
28600,ACK,ACK_STATE,OK,4,286,0,0,0
28620,ACK,ACK_STATE,OK,7,285,0,0,0
28650,DATA,STATE_APPLIED,OK,1,287,0,28612,0
28660,DATA,STATE_APPLIED,OK,3,287,0,28639,0
28670,ACK,ACK_STATE,OK,1,287,0,0,0
28680,DATA,STATE_APPLIED,OK,5,287,0,28656,0
28690,DATA,STATE_APPLIED,OK,4,287,0,28659,0
28700,ACK,ACK_STATE,OK,5,287,0,0,0
28710,ACK,ACK_STATE,OK,4,287,0,0,0
28720,DATA,EVENT_DELIVERED,OK,0,0,38,28698,1
28730,DATA,STATE_APPLIED,OK,0,288,0,28697,0
28740,ACK,ACK_EVENT,OK,0,0,38,0,0
28750,DATA,STATE_APPLIED,OK,2,287,0,28626,0
28750,ACK,ACK_STATE,OK,0,288,0,0,0
28770,ACK,ACK_STATE,OK,2,287,0,0,0
28790,DATA,STATE_APPLIED,OK,2,288,0,28734,0
28800,DATA,STATE_APPLIED,OK,4,288,0,28756,0
28820,DATA,STATE_APPLIED,OK,0,289,0,28799,0
28820,ACK,ACK_STATE,OK,4,288,0,0,0
28840,ACK,ACK_STATE,OK,0,289,0,0,0
28930,DATA,STATE_APPLIED,OK,0,290,0,28902,0
28940,DATA,STATE_APPLIED,OK,7,289,0,28893,0
28950,ACK,ACK_STATE,OK,0,290,0,0,0
28960,DATA,STATE_APPLIED,OK,3,290,0,28937,0
28960,ACK,ACK_STATE,OK,7,289,0,0,0
28980,ACK,ACK_STATE,OK,3,290,0,0,0
