scenario,seed,policy,family,defer,late_demote,starvation_override,run_ms,slot_ms,n_streams,ack_timeout_ms,max_attempts,event_service_ms,slack_guard_ms,state_stale_ms,state_starvation_ms,aoi_threshold_ms,ev_generated,ev_admitted,ev_rejected_full,ev_acked,ev_retry_exhausted,ev_retention_expired,ev_pending_end,rx_ev_delivered,rx_ev_on_time,rx_ev_late,rx_ev_duplicate,rx_ev_out_of_window,rx_frames_rejected,rx_session_mismatch,rx_state_applied,rx_state_stale_dropped,rx_ack_event_dropped,rx_ack_state_coalesced,acks_ok,acks_unmatched,acks_impossible,recall,on_time_rate,delivered_but_unacked,lat_mean_ms,lat_max_ms,conf_mean_ms,conf_max_ms,aoi_mean_ms,aoi_mean_defined_ms,aoi_defined_streams,aoi_peak_ms,unknown_ms_sum,over_threshold_ms_sum,data_frames,ack_frames,data_lost,ack_lost,bytes_data_tx,bytes_ack_tx,bytes_total_tx,event_tx,event_retries,state_tx,state_published,state_superseded,state_ack_timeouts,in_transit_end,interval_violations,ledger_mismatch,sizeof_sender,sizeof_receiver,core_error
healthy_light,101,edf_rr,edf_rr,0,0,0,30000,10,4,300,8,40,100,1000,2000,2000,12,12,0,12,0,0,0,12,12,0,0,0,0,0,240,2,0,0,252,0,0,1.000000,1.000000,0,24.083,28,44.083,48,275.655,275.655,4,621,780,0,254,254,0,2,5648,3508,9156,12,0,242,240,0,2,0,0,0,888,296,0
healthy_light,101,edf_rr_ld,edf_rr,0,1,0,30000,10,4,300,8,40,100,1000,2000,2000,12,12,0,12,0,0,0,12,12,0,0,0,0,0,240,2,0,0,252,0,0,1.000000,1.000000,0,24.083,28,44.083,48,275.655,275.655,4,621,780,0,254,254,0,2,5648,3508,9156,12,0,242,240,0,2,0,0,0,888,296,0
healthy_light,101,fresh_nodefer,fresh_nodefer,0,0,0,30000,10,4,300,8,40,100,1000,2000,2000,12,12,0,12,0,0,0,12,12,0,0,0,0,0,240,2,0,0,252,0,0,1.000000,1.000000,0,24.083,28,44.083,48,275.655,275.655,4,621,780,0,254,254,0,2,5648,3508,9156,12,0,242,240,0,2,0,0,0,888,296,0
healthy_light,101,fresh,fresh,1,0,0,30000,10,4,300,8,40,100,1000,2000,2000,12,12,0,12,0,0,0,12,12,0,0,0,0,0,240,2,0,0,252,0,0,1.000000,1.000000,0,24.083,28,44.083,48,275.655,275.655,4,621,780,0,254,254,0,2,5648,3508,9156,12,0,242,240,0,2,0,0,0,888,296,0
healthy_light,101,fresh_ld,fresh,1,1,0,30000,10,4,300,8,40,100,1000,2000,2000,12,12,0,12,0,0,0,12,12,0,0,0,0,0,240,2,0,0,252,0,0,1.000000,1.000000,0,24.083,28,44.083,48,275.655,275.655,4,621,780,0,254,254,0,2,5648,3508,9156,12,0,242,240,0,2,0,0,0,888,296,0
healthy_light,101,fresh_so,fresh,1,0,1,30000,10,4,300,8,40,100,1000,2000,2000,12,12,0,12,0,0,0,12,12,0,0,0,0,0,240,2,0,0,252,0,0,1.000000,1.000000,0,24.083,28,44.083,48,275.655,275.655,4,621,780,0,254,254,0,2,5648,3508,9156,12,0,242,240,0,2,0,0,0,888,296,0
healthy_light,101,fifo,fifo,0,0,0,30000,10,4,300,8,40,100,1000,2000,2000,12,12,0,12,0,0,0,12,12,0,0,0,0,0,240,2,0,0,252,0,0,1.000000,1.000000,0,24.083,28,44.083,48,275.655,275.655,4,621,780,0,254,254,0,2,5648,3508,9156,12,0,242,240,0,2,0,0,0,888,296,0
healthy_light,102,edf_rr,edf_rr,0,0,0,30000,10,4,300,8,40,100,1000,2000,2000,12,12,0,12,0,0,0,12,12,0,0,0,0,0,240,4,0,0,252,0,0,1.000000,1.000000,0,24.167,28,44.167,48,281.151,281.151,4,890,830,0,260,256,4,4,5780,3536,9316,12,0,248,240,0,8,0,0,0,888,296,0
healthy_light,102,edf_rr_ld,edf_rr,0,1,0,30000,10,4,300,8,40,100,1000,2000,2000,12,12,0,12,0,0,0,12,12,0,0,0,0,0,240,4,0,0,252,0,0,1.000000,1.000000,0,24.167,28,44.167,48,281.151,281.151,4,890,830,0,260,256,4,4,5780,3536,9316,12,0,248,240,0,8,0,0,0,888,296,0
healthy_light,102,fresh_nodefer,fresh_nodefer,0,0,0,30000,10,4,300,8,40,100,1000,2000,2000,12,12,0,12,0,0,0,12,12,0,0,0,0,0,240,4,0,0,252,0,0,1.000000,1.000000,0,24.167,28,44.167,48,281.154,281.154,4,880,830,0,260,256,4,4,5780,3536,9316,12,0,248,240,0,8,0,0,0,888,296,0
healthy_light,102,fresh,fresh,1,0,0,30000,10,4,300,8,40,100,1000,2000,2000,12,12,0,12,0,0,0,12,12,0,0,0,0,0,240,4,0,0,252,0,0,1.000000,1.000000,0,24.167,28,44.167,48,281.154,281.154,4,880,830,0,260,256,4,4,5780,3536,9316,12,0,248,240,0,8,0,0,0,888,296,0
healthy_light,102,fresh_ld,fresh,1,1,0,30000,10,4,300,8,40,100,1000,2000,2000,12,12,0,12,0,0,0,12,12,0,0,0,0,0,240,4,0,0,252,0,0,1.000000,1.000000,0,24.167,28,44.167,48,281.154,281.154,4,880,830,0,260,256,4,4,5780,3536,9316,12,0,248,240,0,8,0,0,0,888,296,0
healthy_light,102,fresh_so,fresh,1,0,1,30000,10,4,300,8,40,100,1000,2000,2000,12,12,0,12,0,0,0,12,12,0,0,0,0,0,240,4,0,0,252,0,0,1.000000,1.000000,0,24.167,28,44.167,48,281.154,281.154,4,880,830,0,260,256,4,4,5780,3536,9316,12,0,248,240,0,8,0,0,0,888,296,0
healthy_light,102,fifo,fifo,0,0,0,30000,10,4,300,8,40,100,1000,2000,2000,12,12,0,12,0,0,0,12,12,0,0,0,0,0,240,4,0,0,252,0,0,1.000000,1.000000,0,25.000,30,45.000,50,281.112,281.112,4,880,830,0,260,256,4,4,5780,3536,9316,12,0,248,240,0,8,0,0,0,888,296,0
healthy_light,103,edf_rr,edf_rr,0,0,0,30000,10,4,300,8,40,100,1000,2000,2000,12,12,0,12,0,0,0,12,12,0,0,0,0,0,240,2,0,0,252,0,0,1.000000,1.000000,0,24.250,29,44.250,49,278.465,278.465,4,860,900,0,256,254,2,2,5692,3508,9200,12,0,244,240,0,4,0,0,0,888,296,0
healthy_light,103,edf_rr_ld,edf_rr,0,1,0,30000,10,4,300,8,40,100,1000,2000,2000,12,12,0,12,0,0,0,12,12,0,0,0,0,0,240,2,0,0,252,0,0,1.000000,1.000000,0,24.250,29,44.250,49,278.465,278.465,4,860,900,0,256,254,2,2,5692,3508,9200,12,0,244,240,0,4,0,0,0,888,296,0
healthy_light,103,fresh_nodefer,fresh_nodefer,0,0,0,30000,10,4,300,8,40,100,1000,2000,2000,12,12,0,12,0,0,0,12,12,0,0,0,0,0,240,2,0,0,252,0,0,1.000000,1.000000,0,24.250,29,44.250,49,278.465,278.465,4,860,900,0,256,254,2,2,5692,3508,9200,12,0,244,240,0,4,0,0,0,888,296,0
healthy_light,103,fresh,fresh,1,0,0,30000,10,4,300,8,40,100,1000,2000,2000,12,12,0,12,0,0,0,12,12,0,0,0,0,0,240,2,0,0,252,0,0,1.000000,1.000000,0,24.250,29,44.250,49,278.465,278.465,4,860,900,0,256,254,2,2,5692,3508,9200,12,0,244,240,0,4,0,0,0,888,296,0
healthy_light,103,fresh_ld,fresh,1,1,0,30000,10,4,300,8,40,100,1000,2000,2000,12,12,0,12,0,0,0,12,12,0,0,0,0,0,240,2,0,0,252,0,0,1.000000,1.000000,0,24.250,29,44.250,49,278.465,278.465,4,860,900,0,256,254,2,2,5692,3508,9200,12,0,244,240,0,4,0,0,0,888,296,0
healthy_light,103,fresh_so,fresh,1,0,1,30000,10,4,300,8,40,100,1000,2000,2000,12,12,0,12,0,0,0,12,12,0,0,0,0,0,240,2,0,0,252,0,0,1.000000,1.000000,0,24.250,29,44.250,49,278.465,278.465,4,860,900,0,256,254,2,2,5692,3508,9200,12,0,244,240,0,4,0,0,0,888,296,0
healthy_light,103,fifo,fifo,0,0,0,30000,10,4,300,8,40,100,1000,2000,2000,12,12,0,12,0,0,0,12,12,0,0,0,0,0,240,2,0,0,252,0,0,1.000000,1.000000,0,24.250,29,44.250,49,278.465,278.465,4,860,900,0,256,254,2,2,5692,3508,9200,12,0,244,240,0,4,0,0,0,888,296,0
healthy_light,104,edf_rr,edf_rr,0,0,0,30000,10,4,300,8,40,100,1000,2000,2000,12,12,0,12,0,0,0,12,12,0,0,0,0,0,240,2,0,0,252,0,0,1.000000,1.000000,0,23.500,28,43.500,48,284.901,284.901,4,920,850,0,261,254,7,2,5802,3508,9310,12,0,249,240,0,9,0,0,0,888,296,0
healthy_light,104,edf_rr_ld,edf_rr,0,1,0,30000,10,4,300,8,40,100,1000,2000,2000,12,12,0,12,0,0,0,12,12,0,0,0,0,0,240,2,0,0,252,0,0,1.000000,1.000000,0,23.500,28,43.500,48,284.901,284.901,4,920,850,0,261,254,7,2,5802,3508,9310,12,0,249,240,0,9,0,0,0,888,296,0
healthy_light,104,fresh_nodefer,fresh_nodefer,0,0,0,30000,10,4,300,8,40,100,1000,2000,2000,12,12,0,12,0,0,0,12,12,0,0,0,0,0,240,2,0,0,252,0,0,1.000000,1.000000,0,23.500,28,43.500,48,284.890,284.890,4,920,850,0,261,254,7,2,5802,3508,9310,12,0,249,240,0,9,0,0,0,888,296,0
healthy_light,104,fresh,fresh,1,0,0,30000,10,4,300,8,40,100,1000,2000,2000,12,12,0,12,0,0,0,12,12,0,0,0,0,0,240,2,0,0,252,0,0,1.000000,1.000000,0,23.500,28,43.500,48,284.890,284.890,4,920,850,0,261,254,7,2,5802,3508,9310,12,0,249,240,0,9,0,0,0,888,296,0
healthy_light,104,fresh_ld,fresh,1,1,0,30000,10,4,300,8,40,100,1000,2000,2000,12,12,0,12,0,0,0,12,12,0,0,0,0,0,240,2,0,0,252,0,0,1.000000,1.000000,0,23.500,28,43.500,48,284.890,284.890,4,920,850,0,261,254,7,2,5802,3508,9310,12,0,249,240,0,9,0,0,0,888,296,0
healthy_light,104,fresh_so,fresh,1,0,1,30000,10,4,300,8,40,100,1000,2000,2000,12,12,0,12,0,0,0,12,12,0,0,0,0,0,240,2,0,0,252,0,0,1.000000,1.000000,0,23.500,28,43.500,48,284.890,284.890,4,920,850,0,261,254,7,2,5802,3508,9310,12,0,249,240,0,9,0,0,0,888,296,0
healthy_light,104,fifo,fifo,0,0,0,30000,10,4,300,8,40,100,1000,2000,2000,12,12,0,12,0,0,0,12,12,0,0,0,0,0,240,2,0,0,252,0,0,1.000000,1.000000,0,23.500,28,43.500,48,284.890,284.890,4,920,850,0,261,254,7,2,5802,3508,9310,12,0,249,240,0,9,0,0,0,888,296,0
healthy_light,105,edf_rr,edf_rr,0,0,0,30000,10,4,300,8,40,100,1000,2000,2000,12,12,0,12,0,0,0,12,12,0,0,0,0,0,240,2,0,0,252,0,0,1.000000,1.000000,0,24.917,28,44.917,48,278.204,278.204,4,838,830,0,256,254,2,2,5692,3508,9200,12,0,244,240,0,4,0,0,0,888,296,0
healthy_light,105,edf_rr_ld,edf_rr,0,1,0,30000,10,4,300,8,40,100,1000,2000,2000,12,12,0,12,0,0,0,12,12,0,0,0,0,0,240,2,0,0,252,0,0,1.000000,1.000000,0,24.917,28,44.917,48,278.204,278.204,4,838,830,0,256,254,2,2,5692,3508,9200,12,0,244,240,0,4,0,0,0,888,296,0
healthy_light,105,fresh_nodefer,fresh_nodefer,0,0,0,30000,10,4,300,8,40,100,1000,2000,2000,12,12,0,12,0,0,0,12,12,0,0,0,0,0,240,2,0,0,252,0,0,1.000000,1.000000,0,24.917,28,44.917,48,278.240,278.240,4,838,830,0,256,254,2,2,5692,3508,9200,12,0,244,240,0,4,0,0,0,888,296,0
healthy_light,105,fresh,fresh,1,0,0,30000,10,4,300,8,40,100,1000,2000,2000,12,12,0,12,0,0,0,12,12,0,0,0,0,0,240,2,0,0,252,0,0,1.000000,1.000000,0,24.917,28,44.917,48,278.240,278.240,4,838,830,0,256,254,2,2,5692,3508,9200,12,0,244,240,0,4,0,0,0,888,296,0
healthy_light,105,fresh_ld,fresh,1,1,0,30000,10,4,300,8,40,100,1000,2000,2000,12,12,0,12,0,0,0,12,12,0,0,0,0,0,240,2,0,0,252,0,0,1.000000,1.000000,0,24.917,28,44.917,48,278.240,278.240,4,838,830,0,256,254,2,2,5692,3508,9200,12,0,244,240,0,4,0,0,0,888,296,0
healthy_light,105,fresh_so,fresh,1,0,1,30000,10,4,300,8,40,100,1000,2000,2000,12,12,0,12,0,0,0,12,12,0,0,0,0,0,240,2,0,0,252,0,0,1.000000,1.000000,0,24.917,28,44.917,48,278.240,278.240,4,838,830,0,256,254,2,2,5692,3508,9200,12,0,244,240,0,4,0,0,0,888,296,0
healthy_light,105,fifo,fifo,0,0,0,30000,10,4,300,8,40,100,1000,2000,2000,12,12,0,12,0,0,0,12,12,0,0,0,0,0,240,2,0,0,252,0,0,1.000000,1.000000,0,25.750,31,45.750,51,278.200,278.200,4,838,830,0,256,254,2,2,5692,3508,9200,12,0,244,240,0,4,0,0,0,888,296,0
alarm_outage,101,edf_rr,edf_rr,0,0,0,30000,10,2,300,40,40,100,1000,2000,2000,2,2,0,2,0,0,0,2,0,2,0,0,0,0,73,0,0,0,75,0,0,1.000000,0.000000,0,4070.000,5120,4090.000,5140,1074.561,1074.561,2,7030,320,9529,142,75,67,0,3269,1042,4311,29,27,113,90,0,40,0,0,0,888,296,0
alarm_outage,101,edf_rr_ld,edf_rr,0,1,0,30000,10,2,300,40,40,100,1000,2000,2000,2,2,0,2,0,0,0,2,0,2,0,0,0,0,73,0,0,0,75,0,0,1.000000,0.000000,0,4070.000,5120,4090.000,5140,1074.561,1074.561,2,7030,320,9529,142,75,67,0,3269,1042,4311,29,27,113,90,0,40,0,0,0,888,296,0
alarm_outage,101,fresh_nodefer,fresh_nodefer,0,0,0,30000,10,2,300,40,40,100,1000,2000,2000,2,2,0,2,0,0,0,2,0,2,0,0,0,0,73,0,0,0,75,0,0,1.000000,0.000000,0,4070.000,5120,4090.000,5140,1074.561,1074.561,2,7030,320,9529,142,75,67,0,3269,1042,4311,29,27,113,90,0,40,0,0,0,888,296,0
alarm_outage,101,fresh,fresh,1,0,0,30000,10,2,300,40,40,100,1000,2000,2000,2,2,0,2,0,0,0,2,0,2,0,0,0,0,73,0,0,0,75,0,0,1.000000,0.000000,0,4075.000,5120,4095.000,5140,1073.394,1073.394,2,7020,320,9519,142,75,67,0,3269,1042,4311,29,27,113,90,0,40,0,0,0,888,296,0
alarm_outage,101,fresh_ld,fresh,1,1,0,30000,10,2,300,40,40,100,1000,2000,2000,2,2,0,2,0,0,0,2,0,2,0,0,0,0,73,0,0,0,75,0,0,1.000000,0.000000,0,4075.000,5120,4095.000,5140,1073.394,1073.394,2,7020,320,9519,142,75,67,0,3269,1042,4311,29,27,113,90,0,40,0,0,0,888,296,0
alarm_outage,101,fresh_so,fresh,1,0,1,30000,10,2,300,40,40,100,1000,2000,2000,2,2,0,2,0,0,0,2,0,2,0,0,0,0,73,0,0,0,75,0,0,1.000000,0.000000,0,4075.000,5120,4095.000,5140,1073.394,1073.394,2,7020,320,9519,142,75,67,0,3269,1042,4311,29,27,113,90,0,40,0,0,0,888,296,0
alarm_outage,101,fifo,fifo,0,0,0,30000,10,2,300,40,40,100,1000,2000,2000,2,2,0,2,0,0,0,2,0,2,0,0,0,0,73,0,0,0,75,0,0,1.000000,0.000000,0,4070.000,5120,4090.000,5140,1074.561,1074.561,2,7030,320,9529,142,75,67,0,3269,1042,4311,29,27,113,90,0,40,0,0,0,888,296,0
alarm_outage,102,edf_rr,edf_rr,0,0,0,30000,10,2,300,40,40,100,1000,2000,2000,2,2,0,2,0,0,0,2,0,2,0,0,0,0,72,0,0,0,74,0,0,1.000000,0.000000,0,4070.000,5120,4090.000,5140,1081.493,1081.493,2,7030,260,9607,141,74,67,0,3247,1028,4275,29,27,112,90,0,40,0,0,0,888,296,0
alarm_outage,102,edf_rr_ld,edf_rr,0,1,0,30000,10,2,300,40,40,100,1000,2000,2000,2,2,0,2,0,0,0,2,0,2,0,0,0,0,72,0,0,0,74,0,0,1.000000,0.000000,0,4070.000,5120,4090.000,5140,1081.493,1081.493,2,7030,260,9607,141,74,67,0,3247,1028,4275,29,27,112,90,0,40,0,0,0,888,296,0
alarm_outage,102,fresh_nodefer,fresh_nodefer,0,0,0,30000,10,2,300,40,40,100,1000,2000,2000,2,2,0,2,0,0,0,2,0,2,0,0,0,0,72,0,0,0,74,0,0,1.000000,0.000000,0,4070.000,5120,4090.000,5140,1081.493,1081.493,2,7030,260,9607,141,74,67,0,3247,1028,4275,29,27,112,90,0,40,0,0,0,888,296,0
alarm_outage,102,fresh,fresh,1,0,0,30000,10,2,300,40,40,100,1000,2000,2000,2,2,0,2,0,0,0,2,0,2,0,0,0,0,72,0,0,0,74,0,0,1.000000,0.000000,0,4075.000,5120,4095.000,5140,1080.325,1080.325,2,7020,260,9597,141,74,67,0,3247,1028,4275,29,27,112,90,0,40,0,0,0,888,296,0
alarm_outage,102,fresh_ld,fresh,1,1,0,30000,10,2,300,40,40,100,1000,2000,2000,2,2,0,2,0,0,0,2,0,2,0,0,0,0,72,0,0,0,74,0,0,1.000000,0.000000,0,4075.000,5120,4095.000,5140,1080.325,1080.325,2,7020,260,9597,141,74,67,0,3247,1028,4275,29,27,112,90,0,40,0,0,0,888,296,0
alarm_outage,102,fresh_so,fresh,1,0,1,30000,10,2,300,40,40,100,1000,2000,2000,2,2,0,2,0,0,0,2,0,2,0,0,0,0,72,0,0,0,74,0,0,1.000000,0.000000,0,4075.000,5120,4095.000,5140,1080.325,1080.325,2,7020,260,9597,141,74,67,0,3247,1028,4275,29,27,112,90,0,40,0,0,0,888,296,0
alarm_outage,102,fifo,fifo,0,0,0,30000,10,2,300,40,40,100,1000,2000,2000,2,2,0,2,0,0,0,2,0,2,0,0,0,0,72,0,0,0,74,0,0,1.000000,0.000000,0,4070.000,5120,4090.000,5140,1081.493,1081.493,2,7030,260,9607,141,74,67,0,3247,1028,4275,29,27,112,90,0,40,0,0,0,888,296,0
alarm_outage,103,edf_rr,edf_rr,0,0,0,30000,10,2,300,40,40,100,1000,2000,2000,2,2,0,2,0,0,0,2,0,2,0,0,0,0,73,0,0,0,75,0,0,1.000000,0.000000,0,4070.000,5120,4090.000,5140,1049.543,1049.543,2,7040,340,9275,141,75,66,0,3247,1042,4289,29,27,112,90,0,39,0,0,0,888,296,0
alarm_outage,103,edf_rr_ld,edf_rr,0,1,0,30000,10,2,300,40,40,100,1000,2000,2000,2,2,0,2,0,0,0,2,0,2,0,0,0,0,73,0,0,0,75,0,0,1.000000,0.000000,0,4070.000,5120,4090.000,5140,1049.543,1049.543,2,7040,340,9275,141,75,66,0,3247,1042,4289,29,27,112,90,0,39,0,0,0,888,296,0
alarm_outage,103,fresh_nodefer,fresh_nodefer,0,0,0,30000,10,2,300,40,40,100,1000,2000,2000,2,2,0,2,0,0,0,2,0,2,0,0,0,0,73,0,0,0,75,0,0,1.000000,0.000000,0,4070.000,5120,4090.000,5140,1049.376,1049.376,2,7030,340,9275,141,75,66,0,3247,1042,4289,29,27,112,90,0,39,0,0,0,888,296,0
alarm_outage,103,fresh,fresh,1,0,0,30000,10,2,300,40,40,100,1000,2000,2000,2,2,0,2,0,0,0,2,0,2,0,0,0,0,73,0,0,0,75,0,0,1.000000,0.000000,0,4080.000,5120,4100.000,5140,1047.209,1047.209,2,7020,340,9255,141,75,66,0,3247,1042,4289,29,27,112,90,0,39,0,0,0,888,296,0
alarm_outage,103,fresh_ld,fresh,1,1,0,30000,10,2,300,40,40,100,1000,2000,2000,2,2,0,2,0,0,0,2,0,2,0,0,0,0,73,0,0,0,75,0,0,1.000000,0.000000,0,4080.000,5120,4100.000,5140,1047.209,1047.209,2,7020,340,9255,141,75,66,0,3247,1042,4289,29,27,112,90,0,39,0,0,0,888,296,0
alarm_outage,103,fresh_so,fresh,1,0,1,30000,10,2,300,40,40,100,1000,2000,2000,2,2,0,2,0,0,0,2,0,2,0,0,0,0,73,0,0,0,75,0,0,1.000000,0.000000,0,4080.000,5120,4100.000,5140,1047.209,1047.209,2,7020,340,9255,141,75,66,0,3247,1042,4289,29,27,112,90,0,39,0,0,0,888,296,0
alarm_outage,103,fifo,fifo,0,0,0,30000,10,2,300,40,40,100,1000,2000,2000,2,2,0,2,0,0,0,2,0,2,0,0,0,0,73,0,0,0,75,0,0,1.000000,0.000000,0,4070.000,5120,4090.000,5140,1049.543,1049.543,2,7040,340,9275,141,75,66,0,3247,1042,4289,29,27,112,90,0,39,0,0,0,888,296,0
alarm_outage,104,edf_rr,edf_rr,0,0,0,30000,10,2,300,40,40,100,1000,2000,2000,2,2,0,2,0,0,0,2,0,2,0,0,0,0,72,0,0,0,74,0,0,1.000000,0.000000,0,4070.000,5120,4090.000,5140,1081.969,1081.969,2,7030,250,9605,141,74,67,0,3247,1028,4275,29,27,112,90,0,40,0,0,0,888,296,0
alarm_outage,104,edf_rr_ld,edf_rr,0,1,0,30000,10,2,300,40,40,100,1000,2000,2000,2,2,0,2,0,0,0,2,0,2,0,0,0,0,72,0,0,0,74,0,0,1.000000,0.000000,0,4070.000,5120,4090.000,5140,1081.969,1081.969,2,7030,250,9605,141,74,67,0,3247,1028,4275,29,27,112,90,0,40,0,0,0,888,296,0
alarm_outage,104,fresh_nodefer,fresh_nodefer,0,0,0,30000,10,2,300,40,40,100,1000,2000,2000,2,2,0,2,0,0,0,2,0,2,0,0,0,0,72,0,0,0,74,0,0,1.000000,0.000000,0,4070.000,5120,4090.000,5140,1081.969,1081.969,2,7030,250,9605,141,74,67,0,3247,1028,4275,29,27,112,90,0,40,0,0,0,888,296,0
alarm_outage,104,fresh,fresh,1,0,0,30000,10,2,300,40,40,100,1000,2000,2000,2,2,0,2,0,0,0,2,0,2,0,0,0,0,72,0,0,0,74,0,0,1.000000,0.000000,0,4075.000,5120,4095.000,5140,1080.802,1080.802,2,7020,250,9595,141,74,67,0,3247,1028,4275,29,27,112,90,0,40,0,0,0,888,296,0
alarm_outage,104,fresh_ld,fresh,1,1,0,30000,10,2,300,40,40,100,1000,2000,2000,2,2,0,2,0,0,0,2,0,2,0,0,0,0,72,0,0,0,74,0,0,1.000000,0.000000,0,4075.000,5120,4095.000,5140,1080.802,1080.802,2,7020,250,9595,141,74,67,0,3247,1028,4275,29,27,112,90,0,40,0,0,0,888,296,0
alarm_outage,104,fresh_so,fresh,1,0,1,30000,10,2,300,40,40,100,1000,2000,2000,2,2,0,2,0,0,0,2,0,2,0,0,0,0,72,0,0,0,74,0,0,1.000000,0.000000,0,4075.000,5120,4095.000,5140,1080.802,1080.802,2,7020,250,9595,141,74,67,0,3247,1028,4275,29,27,112,90,0,40,0,0,0,888,296,0
alarm_outage,104,fifo,fifo,0,0,0,30000,10,2,300,40,40,100,1000,2000,2000,2,2,0,2,0,0,0,2,0,2,0,0,0,0,72,0,0,0,74,0,0,1.000000,0.000000,0,4070.000,5120,4090.000,5140,1081.969,1081.969,2,7030,250,9605,141,74,67,0,3247,1028,4275,29,27,112,90,0,40,0,0,0,888,296,0
alarm_outage,105,edf_rr,edf_rr,0,0,0,30000,10,2,300,40,40,100,1000,2000,2000,2,2,0,2,0,0,0,2,0,2,0,0,0,0,72,0,0,0,74,0,0,1.000000,0.000000,0,4070.000,5120,4090.000,5140,1075.385,1075.385,2,7030,320,9542,141,74,67,0,3247,1028,4275,29,27,112,90,0,40,0,0,0,888,296,0
alarm_outage,105,edf_rr_ld,edf_rr,0,1,0,30000,10,2,300,40,40,100,1000,2000,2000,2,2,0,2,0,0,0,2,0,2,0,0,0,0,72,0,0,0,74,0,0,1.000000,0.000000,0,4070.000,5120,4090.000,5140,1075.385,1075.385,2,7030,320,9542,141,74,67,0,3247,1028,4275,29,27,112,90,0,40,0,0,0,888,296,0
alarm_outage,105,fresh_nodefer,fresh_nodefer,0,0,0,30000,10,2,300,40,40,100,1000,2000,2000,2,2,0,2,0,0,0,2,0,2,0,0,0,0,72,0,0,0,74,0,0,1.000000,0.000000,0,4070.000,5120,4090.000,5140,1075.385,1075.385,2,7030,320,9542,141,74,67,0,3247,1028,4275,29,27,112,90,0,40,0,0,0,888,296,0
alarm_outage,105,fresh,fresh,1,0,0,30000,10,2,300,40,40,100,1000,2000,2000,2,2,0,2,0,0,0,2,0,2,0,0,0,0,72,0,0,0,74,0,0,1.000000,0.000000,0,4075.000,5120,4095.000,5140,1074.218,1074.218,2,7020,320,9532,141,74,67,0,3247,1028,4275,29,27,112,90,0,40,0,0,0,888,296,0
alarm_outage,105,fresh_ld,fresh,1,1,0,30000,10,2,300,40,40,100,1000,2000,2000,2,2,0,2,0,0,0,2,0,2,0,0,0,0,72,0,0,0,74,0,0,1.000000,0.000000,0,4075.000,5120,4095.000,5140,1074.218,1074.218,2,7020,320,9532,141,74,67,0,3247,1028,4275,29,27,112,90,0,40,0,0,0,888,296,0
alarm_outage,105,fresh_so,fresh,1,0,1,30000,10,2,300,40,40,100,1000,2000,2000,2,2,0,2,0,0,0,2,0,2,0,0,0,0,72,0,0,0,74,0,0,1.000000,0.000000,0,4075.000,5120,4095.000,5140,1074.218,1074.218,2,7020,320,9532,141,74,67,0,3247,1028,4275,29,27,112,90,0,40,0,0,0,888,296,0
alarm_outage,105,fifo,fifo,0,0,0,30000,10,2,300,40,40,100,1000,2000,2000,2,2,0,2,0,0,0,2,0,2,0,0,0,0,72,0,0,0,74,0,0,1.000000,0.000000,0,4070.000,5120,4090.000,5140,1075.385,1075.385,2,7030,320,9542,141,74,67,0,3247,1028,4275,29,27,112,90,0,40,0,0,0,888,296,0
burst_loss,101,edf_rr,edf_rr,0,0,0,30000,10,4,300,8,40,100,1000,2000,2000,20,20,0,20,0,0,0,20,20,0,0,0,0,0,235,2,0,0,254,0,0,1.000000,1.000000,0,69.000,328,89.000,348,325.234,325.234,4,1196,1080,0,299,257,42,3,6693,3518,10211,23,3,276,240,0,41,0,0,0,888,296,0
burst_loss,101,edf_rr_ld,edf_rr,0,1,0,30000,10,4,300,8,40,100,1000,2000,2000,20,20,0,20,0,0,0,20,20,0,0,0,0,0,235,2,0,0,254,0,0,1.000000,1.000000,0,69.000,328,89.000,348,325.234,325.234,4,1196,1080,0,299,257,42,3,6693,3518,10211,23,3,276,240,0,41,0,0,0,888,296,0
burst_loss,101,fresh_nodefer,fresh_nodefer,0,0,0,30000,10,4,300,8,40,100,1000,2000,2000,20,20,0,20,0,0,0,20,20,0,0,0,0,0,235,2,0,0,254,0,0,1.000000,1.000000,0,69.000,328,89.000,348,325.234,325.234,4,1196,1080,0,299,257,42,3,6693,3518,10211,23,3,276,240,0,41,0,0,0,888,296,0
burst_loss,101,fresh,fresh,1,0,0,30000,10,4,300,8,40,100,1000,2000,2000,20,20,0,20,0,0,0,20,20,0,0,0,0,0,235,2,0,0,254,0,0,1.000000,1.000000,0,69.000,328,89.000,348,325.234,325.234,4,1196,1080,0,299,257,42,3,6693,3518,10211,23,3,276,240,0,41,0,0,0,888,296,0
burst_loss,101,fresh_ld,fresh,1,1,0,30000,10,4,300,8,40,100,1000,2000,2000,20,20,0,20,0,0,0,20,20,0,0,0,0,0,235,2,0,0,254,0,0,1.000000,1.000000,0,69.000,328,89.000,348,325.234,325.234,4,1196,1080,0,299,257,42,3,6693,3518,10211,23,3,276,240,0,41,0,0,0,888,296,0
burst_loss,101,fresh_so,fresh,1,0,1,30000,10,4,300,8,40,100,1000,2000,2000,20,20,0,20,0,0,0,20,20,0,0,0,0,0,235,2,0,0,254,0,0,1.000000,1.000000,0,69.000,328,89.000,348,325.234,325.234,4,1196,1080,0,299,257,42,3,6693,3518,10211,23,3,276,240,0,41,0,0,0,888,296,0
burst_loss,101,fifo,fifo,0,0,0,30000,10,4,300,8,40,100,1000,2000,2000,20,20,0,20,0,0,0,20,20,0,0,0,0,0,235,2,0,0,254,0,0,1.000000,1.000000,0,69.000,328,89.000,348,325.234,325.234,4,1196,1080,0,299,257,42,3,6693,3518,10211,23,3,276,240,0,41,0,0,0,888,296,0
burst_loss,102,edf_rr,edf_rr,0,0,0,30000,10,4,300,8,40,100,1000,2000,2000,20,20,0,20,0,0,0,20,20,0,0,0,0,0,231,5,0,0,251,0,0,1.000000,1.000000,0,129.400,626,149.400,646,337.202,337.202,4,1421,830,0,308,256,52,5,6911,3504,10415,27,7,281,240,0,49,0,0,0,888,296,0
burst_loss,102,edf_rr_ld,edf_rr,0,1,0,30000,10,4,300,8,40,100,1000,2000,2000,20,20,0,20,0,0,0,20,20,0,0,0,0,0,231,5,0,0,251,0,0,1.000000,1.000000,0,129.400,626,149.400,646,337.202,337.202,4,1421,830,0,308,256,52,5,6911,3504,10415,27,7,281,240,0,49,0,0,0,888,296,0
burst_loss,102,fresh_nodefer,fresh_nodefer,0,0,0,30000,10,4,300,8,40,100,1000,2000,2000,20,20,0,20,0,0,0,20,20,0,0,0,0,0,231,5,0,0,251,0,0,1.000000,1.000000,0,129.400,626,149.400,646,337.211,337.211,4,1421,830,0,308,256,52,5,6911,3504,10415,27,7,281,240,0,49,0,0,0,888,296,0
burst_loss,102,fresh,fresh,1,0,0,30000,10,4,300,8,40,100,1000,2000,2000,20,20,0,20,0,0,0,20,20,0,0,0,0,0,231,5,0,0,251,0,0,1.000000,1.000000,0,129.400,626,149.400,646,337.211,337.211,4,1421,830,0,308,256,52,5,6911,3504,10415,27,7,281,240,0,49,0,0,0,888,296,0
burst_loss,102,fresh_ld,fresh,1,1,0,30000,10,4,300,8,40,100,1000,2000,2000,20,20,0,20,0,0,0,20,20,0,0,0,0,0,231,5,0,0,251,0,0,1.000000,1.000000,0,129.400,626,149.400,646,337.211,337.211,4,1421,830,0,308,256,52,5,6911,3504,10415,27,7,281,240,0,49,0,0,0,888,296,0
burst_loss,102,fresh_so,fresh,1,0,1,30000,10,4,300,8,40,100,1000,2000,2000,20,20,0,20,0,0,0,20,20,0,0,0,0,0,231,5,0,0,251,0,0,1.000000,1.000000,0,129.400,626,149.400,646,337.211,337.211,4,1421,830,0,308,256,52,5,6911,3504,10415,27,7,281,240,0,49,0,0,0,888,296,0
burst_loss,102,fifo,fifo,0,0,0,30000,10,4,300,8,40,100,1000,2000,2000,20,20,0,20,0,0,0,20,20,0,0,0,0,0,231,5,0,0,251,0,0,1.000000,1.000000,0,129.900,626,149.900,646,337.169,337.169,4,1421,830,0,308,256,52,5,6911,3504,10415,27,7,281,240,0,49,0,0,0,888,296,0
burst_loss,103,edf_rr,edf_rr,0,0,0,30000,10,4,300,8,40,100,1000,2000,2000,20,20,0,20,0,0,0,20,20,0,0,0,0,0,225,1,0,0,244,0,0,1.000000,1.000000,0,189.700,922,209.700,942,371.005,371.005,4,1646,900,0,325,246,79,2,7305,3364,10669,31,11,294,240,0,67,0,0,0,888,296,0
burst_loss,103,edf_rr_ld,edf_rr,0,1,0,30000,10,4,300,8,40,100,1000,2000,2000,20,20,0,20,0,0,0,20,20,0,0,0,0,0,225,1,0,0,244,0,0,1.000000,1.000000,0,189.700,922,209.700,942,371.005,371.005,4,1646,900,0,325,246,79,2,7305,3364,10669,31,11,294,240,0,67,0,0,0,888,296,0
burst_loss,103,fresh_nodefer,fresh_nodefer,0,0,0,30000,10,4,300,8,40,100,1000,2000,2000,20,20,0,20,0,0,0,20,20,0,0,0,0,0,225,1,0,0,244,0,0,1.000000,1.000000,0,189.700,922,209.700,942,371.002,371.002,4,1646,900,0,325,246,79,2,7305,3364,10669,31,11,294,240,0,67,0,0,0,888,296,0
burst_loss,103,fresh,fresh,1,0,0,30000,10,4,300,8,40,100,1000,2000,2000,20,20,0,20,0,0,0,20,20,0,0,0,0,0,225,1,0,0,244,0,0,1.000000,1.000000,0,189.700,922,209.700,942,371.002,371.002,4,1646,900,0,325,246,79,2,7305,3364,10669,31,11,294,240,0,67,0,0,0,888,296,0
burst_loss,103,fresh_ld,fresh,1,1,0,30000,10,4,300,8,40,100,1000,2000,2000,20,20,0,20,0,0,0,20,20,0,0,0,0,0,225,1,0,0,244,0,0,1.000000,1.000000,0,189.700,922,209.700,942,371.002,371.002,4,1646,900,0,325,246,79,2,7305,3364,10669,31,11,294,240,0,67,0,0,0,888,296,0
burst_loss,103,fresh_so,fresh,1,0,1,30000,10,4,300,8,40,100,1000,2000,2000,20,20,0,20,0,0,0,20,20,0,0,0,0,0,225,1,0,0,244,0,0,1.000000,1.000000,0,189.700,922,209.700,942,371.002,371.002,4,1646,900,0,325,246,79,2,7305,3364,10669,31,11,294,240,0,67,0,0,0,888,296,0
burst_loss,103,fifo,fifo,0,0,0,30000,10,4,300,8,40,100,1000,2000,2000,20,20,0,20,0,0,0,20,20,0,0,0,0,0,225,1,0,0,244,0,0,1.000000,1.000000,0,189.700,922,209.700,942,371.002,371.002,4,1646,900,0,325,246,79,2,7305,3364,10669,31,11,294,240,0,67,0,0,0,888,296,0
burst_loss,104,edf_rr,edf_rr,0,0,0,30000,10,4,300,8,40,100,1000,2000,2000,20,20,0,20,0,0,0,20,20,0,0,0,0,0,227,0,0,0,246,0,0,1.000000,1.000000,0,128.150,628,148.150,648,360.449,360.449,4,1476,850,0,318,247,71,1,7131,3378,10509,27,7,291,240,0,64,0,0,0,888,296,0
burst_loss,104,edf_rr_ld,edf_rr,0,1,0,30000,10,4,300,8,40,100,1000,2000,2000,20,20,0,20,0,0,0,20,20,0,0,0,0,0,227,0,0,0,246,0,0,1.000000,1.000000,0,128.150,628,148.150,648,360.449,360.449,4,1476,850,0,318,247,71,1,7131,3378,10509,27,7,291,240,0,64,0,0,0,888,296,0
burst_loss,104,fresh_nodefer,fresh_nodefer,0,0,0,30000,10,4,300,8,40,100,1000,2000,2000,20,20,0,20,0,0,0,20,20,0,0,0,0,0,227,0,0,0,246,0,0,1.000000,1.000000,0,128.150,628,148.150,648,360.453,360.453,4,1476,850,0,318,247,71,1,7131,3378,10509,27,7,291,240,0,64,0,0,0,888,296,0
burst_loss,104,fresh,fresh,1,0,0,30000,10,4,300,8,40,100,1000,2000,2000,20,20,0,20,0,0,0,20,20,0,0,0,0,0,227,0,0,0,246,0,0,1.000000,1.000000,0,128.150,628,148.150,648,360.453,360.453,4,1476,850,0,318,247,71,1,7131,3378,10509,27,7,291,240,0,64,0,0,0,888,296,0
burst_loss,104,fresh_ld,fresh,1,1,0,30000,10,4,300,8,40,100,1000,2000,2000,20,20,0,20,0,0,0,20,20,0,0,0,0,0,227,0,0,0,246,0,0,1.000000,1.000000,0,128.150,628,148.150,648,360.453,360.453,4,1476,850,0,318,247,71,1,7131,3378,10509,27,7,291,240,0,64,0,0,0,888,296,0
burst_loss,104,fresh_so,fresh,1,0,1,30000,10,4,300,8,40,100,1000,2000,2000,20,20,0,20,0,0,0,20,20,0,0,0,0,0,227,0,0,0,246,0,0,1.000000,1.000000,0,128.150,628,148.150,648,360.453,360.453,4,1476,850,0,318,247,71,1,7131,3378,10509,27,7,291,240,0,64,0,0,0,888,296,0
burst_loss,104,fifo,fifo,0,0,0,30000,10,4,300,8,40,100,1000,2000,2000,20,20,0,20,0,0,0,20,20,0,0,0,0,0,227,0,0,0,246,0,0,1.000000,1.000000,0,114.150,622,134.150,642,362.784,362.784,4,1476,850,0,318,247,71,1,7126,3378,10504,26,6,292,240,0,65,0,0,0,888,296,0
burst_loss,105,edf_rr,edf_rr,0,0,0,30000,10,4,300,8,40,100,1000,2000,2000,20,20,0,20,0,0,0,20,20,0,2,0,0,0,231,1,0,0,251,0,0,1.000000,1.000000,0,100.000,620,165.000,642,352.879,352.879,4,1498,830,0,313,254,59,3,7026,3468,10494,28,8,285,240,0,54,0,0,0,888,296,0
burst_loss,105,edf_rr_ld,edf_rr,0,1,0,30000,10,4,300,8,40,100,1000,2000,2000,20,20,0,20,0,0,0,20,20,0,2,0,0,0,231,1,0,0,251,0,0,1.000000,1.000000,0,100.000,620,165.000,642,352.879,352.879,4,1498,830,0,313,254,59,3,7026,3468,10494,28,8,285,240,0,54,0,0,0,888,296,0
burst_loss,105,fresh_nodefer,fresh_nodefer,0,0,0,30000,10,4,300,8,40,100,1000,2000,2000,20,20,0,20,0,0,0,20,20,0,2,0,0,0,230,1,0,0,250,0,0,1.000000,1.000000,0,100.000,620,165.000,642,352.959,352.959,4,1498,830,0,312,253,59,3,7004,3454,10458,28,8,284,240,0,54,0,0,0,888,296,0
burst_loss,105,fresh,fresh,1,0,0,30000,10,4,300,8,40,100,1000,2000,2000,20,20,0,20,0,0,0,20,20,0,2,0,0,0,230,1,0,0,250,0,0,1.000000,1.000000,0,100.000,620,165.000,642,352.959,352.959,4,1498,830,0,312,253,59,3,7004,3454,10458,28,8,284,240,0,54,0,0,0,888,296,0
burst_loss,105,fresh_ld,fresh,1,1,0,30000,10,4,300,8,40,100,1000,2000,2000,20,20,0,20,0,0,0,20,20,0,2,0,0,0,230,1,0,0,250,0,0,1.000000,1.000000,0,100.000,620,165.000,642,352.959,352.959,4,1498,830,0,312,253,59,3,7004,3454,10458,28,8,284,240,0,54,0,0,0,888,296,0
burst_loss,105,fresh_so,fresh,1,0,1,30000,10,4,300,8,40,100,1000,2000,2000,20,20,0,20,0,0,0,20,20,0,2,0,0,0,230,1,0,0,250,0,0,1.000000,1.000000,0,100.000,620,165.000,642,352.959,352.959,4,1498,830,0,312,253,59,3,7004,3454,10458,28,8,284,240,0,54,0,0,0,888,296,0
burst_loss,105,fifo,fifo,0,0,0,30000,10,4,300,8,40,100,1000,2000,2000,20,20,0,20,0,0,0,20,20,0,2,0,0,0,230,1,0,0,250,0,0,1.000000,1.000000,0,100.500,620,165.500,642,352.911,352.911,4,1498,830,0,312,253,59,3,7004,3454,10458,28,8,284,240,0,54,0,0,0,888,296,0
ack_loss,101,edf_rr,edf_rr,0,0,0,30000,10,4,300,8,40,100,1000,2000,2000,12,12,0,12,0,0,0,12,12,0,8,0,0,0,240,92,0,0,215,0,0,1.000000,1.000000,0,24.083,28,244.083,646,292.821,292.821,4,754,780,0,353,352,1,137,7866,4848,12714,20,8,333,240,0,130,0,0,0,888,296,0
ack_loss,101,edf_rr_ld,edf_rr,0,1,0,30000,10,4,300,8,40,100,1000,2000,2000,12,12,0,12,0,0,0,12,12,0,8,0,0,0,240,92,0,0,215,0,0,1.000000,1.000000,0,24.083,28,244.083,646,292.821,292.821,4,754,780,0,353,352,1,137,7866,4848,12714,20,8,333,240,0,130,0,0,0,888,296,0
ack_loss,101,fresh_nodefer,fresh_nodefer,0,0,0,30000,10,4,300,8,40,100,1000,2000,2000,12,12,0,12,0,0,0,12,12,0,8,0,0,0,240,94,0,0,214,0,0,1.000000,1.000000,0,24.083,28,244.083,646,293.723,293.723,4,754,780,0,355,354,1,140,7910,4876,12786,20,8,335,240,0,133,0,0,0,888,296,0
ack_loss,101,fresh,fresh,1,0,0,30000,10,4,300,8,40,100,1000,2000,2000,12,12,0,12,0,0,0,12,12,0,7,0,0,0,240,95,0,0,214,0,0,1.000000,1.000000,0,24.917,38,219.917,646,293.678,293.678,4,754,780,0,355,354,1,140,7905,4880,12785,19,7,336,240,0,134,0,0,0,888,296,0
ack_loss,101,fresh_ld,fresh,1,1,0,30000,10,4,300,8,40,100,1000,2000,2000,12,12,0,12,0,0,0,12,12,0,7,0,0,0,240,95,0,0,214,0,0,1.000000,1.000000,0,24.917,38,219.917,646,293.678,293.678,4,754,780,0,355,354,1,140,7905,4880,12785,19,7,336,240,0,134,0,0,0,888,296,0
ack_loss,101,fresh_so,fresh,1,0,1,30000,10,4,300,8,40,100,1000,2000,2000,12,12,0,12,0,0,0,12,12,0,7,0,0,0,240,95,0,0,214,0,0,1.000000,1.000000,0,24.917,38,219.917,646,293.678,293.678,4,754,780,0,355,354,1,140,7905,4880,12785,19,7,336,240,0,134,0,0,0,888,296,0
ack_loss,101,fifo,fifo,0,0,0,30000,10,4,300,8,40,100,1000,2000,2000,12,12,0,12,0,0,0,12,12,0,7,0,0,0,240,95,0,0,214,0,0,1.000000,1.000000,0,24.917,38,219.917,646,293.678,293.678,4,754,780,0,355,354,1,140,7905,4880,12785,19,7,336,240,0,134,0,0,0,888,296,0
ack_loss,102,edf_rr,edf_rr,0,0,0,30000,10,4,300,8,40,100,1000,2000,2000,12,12,0,12,0,0,0,12,12,0,10,0,0,0,240,94,0,0,216,0,0,1.000000,1.000000,0,24.167,28,294.167,1243,301.176,301.176,4,938,830,0,362,356,6,140,8074,4896,12970,22,10,340,240,0,136,0,0,0,888,296,0
ack_loss,102,edf_rr_ld,edf_rr,0,1,0,30000,10,4,300,8,40,100,1000,2000,2000,12,12,0,12,0,0,0,12,12,0,10,0,0,0,240,94,0,0,216,0,0,1.000000,1.000000,0,24.167,28,294.167,1243,301.176,301.176,4,938,830,0,362,356,6,140,8074,4896,12970,22,10,340,240,0,136,0,0,0,888,296,0
ack_loss,102,fresh_nodefer,fresh_nodefer,0,0,0,30000,10,4,300,8,40,100,1000,2000,2000,12,12,0,12,0,0,0,12,12,0,10,0,0,0,240,92,0,0,214,0,0,1.000000,1.000000,0,24.167,28,294.167,1243,303.911,303.911,4,928,830,0,360,354,6,140,8030,4868,12898,22,10,338,240,0,136,0,0,0,888,296,0
ack_loss,102,fresh,fresh,1,0,0,30000,10,4,300,8,40,100,1000,2000,2000,12,12,0,12,0,0,0,12,12,0,10,0,0,0,240,92,0,0,214,0,0,1.000000,1.000000,0,24.167,28,294.167,1243,303.911,303.911,4,928,830,0,360,354,6,140,8030,4868,12898,22,10,338,240,0,136,0,0,0,888,296,0
ack_loss,102,fresh_ld,fresh,1,1,0,30000,10,4,300,8,40,100,1000,2000,2000,12,12,0,12,0,0,0,12,12,0,10,0,0,0,240,92,0,0,214,0,0,1.000000,1.000000,0,24.167,28,294.167,1243,303.911,303.911,4,928,830,0,360,354,6,140,8030,4868,12898,22,10,338,240,0,136,0,0,0,888,296,0
ack_loss,102,fresh_so,fresh,1,0,1,30000,10,4,300,8,40,100,1000,2000,2000,12,12,0,12,0,0,0,12,12,0,10,0,0,0,240,92,0,0,214,0,0,1.000000,1.000000,0,24.167,28,294.167,1243,303.911,303.911,4,928,830,0,360,354,6,140,8030,4868,12898,22,10,338,240,0,136,0,0,0,888,296,0
ack_loss,102,fifo,fifo,0,0,0,30000,10,4,300,8,40,100,1000,2000,2000,12,12,0,12,0,0,0,12,12,0,14,0,0,0,240,92,0,0,215,0,0,1.000000,1.000000,0,25.000,30,395.000,1250,302.638,302.638,4,928,830,0,364,358,6,143,8138,4908,13046,26,14,338,240,0,135,0,0,0,888,296,0
ack_loss,103,edf_rr,edf_rr,0,0,0,30000,10,4,300,8,40,100,1000,2000,2000,12,12,0,12,0,0,0,12,12,0,5,0,0,0,240,109,0,0,205,0,0,1.000000,1.000000,0,24.250,29,169.250,641,298.353,298.353,4,860,900,0,369,366,3,161,8203,5056,13259,17,5,352,240,0,157,0,0,0,888,296,0
ack_loss,103,edf_rr_ld,edf_rr,0,1,0,30000,10,4,300,8,40,100,1000,2000,2000,12,12,0,12,0,0,0,12,12,0,5,0,0,0,240,109,0,0,205,0,0,1.000000,1.000000,0,24.250,29,169.250,641,298.353,298.353,4,860,900,0,369,366,3,161,8203,5056,13259,17,5,352,240,0,157,0,0,0,888,296,0
ack_loss,103,fresh_nodefer,fresh_nodefer,0,0,0,30000,10,4,300,8,40,100,1000,2000,2000,12,12,0,12,0,0,0,12,12,0,5,0,0,0,240,107,0,0,205,0,0,1.000000,1.000000,0,24.250,29,169.250,641,298.143,298.143,4,860,900,0,367,364,3,159,8159,5028,13187,17,5,350,240,0,155,0,0,0,888,296,0
ack_loss,103,fresh,fresh,1,0,0,30000,10,4,300,8,40,100,1000,2000,2000,12,12,0,12,0,0,0,12,12,0,5,0,0,0,240,107,0,0,205,0,0,1.000000,1.000000,0,24.250,29,169.250,641,298.143,298.143,4,860,900,0,367,364,3,159,8159,5028,13187,17,5,350,240,0,155,0,0,0,888,296,0
ack_loss,103,fresh_ld,fresh,1,1,0,30000,10,4,300,8,40,100,1000,2000,2000,12,12,0,12,0,0,0,12,12,0,5,0,0,0,240,107,0,0,205,0,0,1.000000,1.000000,0,24.250,29,169.250,641,298.143,298.143,4,860,900,0,367,364,3,159,8159,5028,13187,17,5,350,240,0,155,0,0,0,888,296,0
ack_loss,103,fresh_so,fresh,1,0,1,30000,10,4,300,8,40,100,1000,2000,2000,12,12,0,12,0,0,0,12,12,0,5,0,0,0,240,107,0,0,205,0,0,1.000000,1.000000,0,24.250,29,169.250,641,298.143,298.143,4,860,900,0,367,364,3,159,8159,5028,13187,17,5,350,240,0,155,0,0,0,888,296,0
ack_loss,103,fifo,fifo,0,0,0,30000,10,4,300,8,40,100,1000,2000,2000,12,12,0,12,0,0,0,12,12,0,5,0,0,0,240,107,0,0,205,0,0,1.000000,1.000000,0,24.250,29,169.250,641,298.143,298.143,4,860,900,0,367,364,3,159,8159,5028,13187,17,5,350,240,0,155,0,0,0,888,296,0
ack_loss,104,edf_rr,edf_rr,0,0,0,30000,10,4,300,8,40,100,1000,2000,2000,12,12,0,12,0,0,0,12,12,0,7,0,0,0,239,91,0,0,210,0,0,1.000000,1.000000,0,23.500,28,218.500,940,301.452,301.452,4,920,850,0,357,349,8,139,7949,4810,12759,19,7,338,240,0,138,0,0,0,888,296,0
ack_loss,104,edf_rr_ld,edf_rr,0,1,0,30000,10,4,300,8,40,100,1000,2000,2000,12,12,0,12,0,0,0,12,12,0,7,0,0,0,239,91,0,0,210,0,0,1.000000,1.000000,0,23.500,28,218.500,940,301.452,301.452,4,920,850,0,357,349,8,139,7949,4810,12759,19,7,338,240,0,138,0,0,0,888,296,0
ack_loss,104,fresh_nodefer,fresh_nodefer,0,0,0,30000,10,4,300,8,40,100,1000,2000,2000,12,12,0,12,0,0,0,12,12,0,7,0,0,0,239,92,0,0,211,0,0,1.000000,1.000000,0,23.500,28,218.500,940,300.460,300.460,4,920,850,0,358,350,8,139,7971,4824,12795,19,7,339,240,0,138,0,0,0,888,296,0
ack_loss,104,fresh,fresh,1,0,0,30000,10,4,300,8,40,100,1000,2000,2000,12,12,0,12,0,0,0,12,12,0,7,0,0,0,239,92,0,0,211,0,0,1.000000,1.000000,0,23.500,28,218.500,940,300.460,300.460,4,920,850,0,358,350,8,139,7971,4824,12795,19,7,339,240,0,138,0,0,0,888,296,0
ack_loss,104,fresh_ld,fresh,1,1,0,30000,10,4,300,8,40,100,1000,2000,2000,12,12,0,12,0,0,0,12,12,0,7,0,0,0,239,92,0,0,211,0,0,1.000000,1.000000,0,23.500,28,218.500,940,300.460,300.460,4,920,850,0,358,350,8,139,7971,4824,12795,19,7,339,240,0,138,0,0,0,888,296,0
ack_loss,104,fresh_so,fresh,1,0,1,30000,10,4,300,8,40,100,1000,2000,2000,12,12,0,12,0,0,0,12,12,0,7,0,0,0,239,92,0,0,211,0,0,1.000000,1.000000,0,23.500,28,218.500,940,300.460,300.460,4,920,850,0,358,350,8,139,7971,4824,12795,19,7,339,240,0,138,0,0,0,888,296,0
ack_loss,104,fifo,fifo,0,0,0,30000,10,4,300,8,40,100,1000,2000,2000,12,12,0,12,0,0,0,12,12,0,7,0,0,0,239,92,0,0,211,0,0,1.000000,1.000000,0,23.500,28,218.500,940,300.460,300.460,4,920,850,0,358,350,8,139,7971,4824,12795,19,7,339,240,0,138,0,0,0,888,296,0
ack_loss,105,edf_rr,edf_rr,0,0,0,30000,10,4,300,8,40,100,1000,2000,2000,12,12,0,12,0,0,0,12,12,0,5,0,0,0,240,98,0,0,202,0,0,1.000000,1.000000,0,24.917,28,169.917,647,299.012,299.012,4,838,830,0,358,355,3,153,7961,4902,12863,17,5,341,240,0,149,0,0,0,888,296,0
ack_loss,105,edf_rr_ld,edf_rr,0,1,0,30000,10,4,300,8,40,100,1000,2000,2000,12,12,0,12,0,0,0,12,12,0,5,0,0,0,240,98,0,0,202,0,0,1.000000,1.000000,0,24.917,28,169.917,647,299.012,299.012,4,838,830,0,358,355,3,153,7961,4902,12863,17,5,341,240,0,149,0,0,0,888,296,0
ack_loss,105,fresh_nodefer,fresh_nodefer,0,0,0,30000,10,4,300,8,40,100,1000,2000,2000,12,12,0,12,0,0,0,12,12,0,5,0,0,0,240,102,0,0,202,0,0,1.000000,1.000000,0,24.917,28,169.917,647,297.492,297.492,4,812,830,0,361,359,2,157,8027,4958,12985,17,5,344,240,0,152,0,0,0,888,296,0
ack_loss,105,fresh,fresh,1,0,0,30000,10,4,300,8,40,100,1000,2000,2000,12,12,0,12,0,0,0,12,12,0,5,0,0,0,240,102,0,0,202,0,0,1.000000,1.000000,0,24.917,28,169.917,647,297.492,297.492,4,812,830,0,361,359,2,157,8027,4958,12985,17,5,344,240,0,152,0,0,0,888,296,0
ack_loss,105,fresh_ld,fresh,1,1,0,30000,10,4,300,8,40,100,1000,2000,2000,12,12,0,12,0,0,0,12,12,0,5,0,0,0,240,102,0,0,202,0,0,1.000000,1.000000,0,24.917,28,169.917,647,297.492,297.492,4,812,830,0,361,359,2,157,8027,4958,12985,17,5,344,240,0,152,0,0,0,888,296,0
ack_loss,105,fresh_so,fresh,1,0,1,30000,10,4,300,8,40,100,1000,2000,2000,12,12,0,12,0,0,0,12,12,0,5,0,0,0,240,102,0,0,202,0,0,1.000000,1.000000,0,24.917,28,169.917,647,297.492,297.492,4,812,830,0,361,359,2,157,8027,4958,12985,17,5,344,240,0,152,0,0,0,888,296,0
ack_loss,105,fifo,fifo,0,0,0,30000,10,4,300,8,40,100,1000,2000,2000,12,12,0,12,0,0,0,12,12,0,8,0,0,0,240,104,0,0,203,0,0,1.000000,1.000000,0,27.417,37,247.417,1257,296.582,296.582,4,802,830,0,366,364,2,161,8152,5016,13168,20,8,346,240,0,153,0,0,0,888,296,0
reorder,101,edf_rr,edf_rr,0,0,0,30000,10,4,300,8,40,100,1000,2000,2000,12,12,0,12,0,0,0,12,12,0,4,0,0,0,576,0,0,0,582,3,0,1.000000,1.000000,0,115.000,208,190.000,408,223.797,223.797,4,878,1250,0,604,592,10,6,13368,8224,21592,16,4,588,600,12,69,3,0,0,888,296,0
reorder,101,edf_rr_ld,edf_rr,0,1,0,30000,10,4,300,8,40,100,1000,2000,2000,12,12,0,12,0,0,0,12,12,0,4,0,0,0,576,0,0,0,582,3,0,1.000000,1.000000,0,115.000,208,190.000,408,223.797,223.797,4,878,1250,0,604,592,10,6,13368,8224,21592,16,4,588,600,12,69,3,0,0,888,296,0
reorder,101,fresh_nodefer,fresh_nodefer,0,0,0,30000,10,4,300,8,40,100,1000,2000,2000,12,12,0,12,0,0,0,12,12,0,4,0,0,0,576,0,0,0,581,3,0,1.000000,1.000000,0,115.000,208,190.000,408,217.358,217.358,4,834,1250,0,603,592,9,7,13346,8224,21570,16,4,587,600,13,63,3,0,0,888,296,0
reorder,101,fresh,fresh,1,0,0,30000,10,4,300,8,40,100,1000,2000,2000,12,12,0,12,0,0,0,12,12,0,4,0,0,0,576,0,0,0,581,3,0,1.000000,1.000000,0,115.000,208,190.000,408,217.358,217.358,4,834,1250,0,603,592,9,7,13346,8224,21570,16,4,587,600,13,63,3,0,0,888,296,0
reorder,101,fresh_ld,fresh,1,1,0,30000,10,4,300,8,40,100,1000,2000,2000,12,12,0,12,0,0,0,12,12,0,4,0,0,0,576,0,0,0,581,3,0,1.000000,1.000000,0,115.000,208,190.000,408,217.358,217.358,4,834,1250,0,603,592,9,7,13346,8224,21570,16,4,587,600,13,63,3,0,0,888,296,0
reorder,101,fresh_so,fresh,1,0,1,30000,10,4,300,8,40,100,1000,2000,2000,12,12,0,12,0,0,0,12,12,0,4,0,0,0,576,0,0,0,581,3,0,1.000000,1.000000,0,115.000,208,190.000,408,217.358,217.358,4,834,1250,0,603,592,9,7,13346,8224,21570,16,4,587,600,13,63,3,0,0,888,296,0
reorder,101,fifo,fifo,0,0,0,30000,10,4,300,8,40,100,1000,2000,2000,12,12,0,12,0,0,0,12,12,0,4,0,0,0,575,0,0,0,580,3,0,1.000000,1.000000,0,104.167,222,209.167,408,219.721,219.721,4,834,1250,0,602,591,9,7,13324,8210,21534,16,4,586,600,14,66,3,0,0,888,296,0
reorder,102,edf_rr,edf_rr,0,0,0,30000,10,4,300,8,40,100,1000,2000,2000,12,12,0,12,0,0,0,12,12,0,1,0,0,0,579,0,0,0,584,1,0,1.000000,1.000000,0,53.083,200,148.083,400,220.095,220.095,4,839,740,0,599,592,7,5,13243,8236,21479,13,1,586,600,13,59,2,0,0,888,296,0
reorder,102,edf_rr_ld,edf_rr,0,1,0,30000,10,4,300,8,40,100,1000,2000,2000,12,12,0,12,0,0,0,12,12,0,1,0,0,0,579,0,0,0,584,1,0,1.000000,1.000000,0,53.083,200,148.083,400,220.095,220.095,4,839,740,0,599,592,7,5,13243,8236,21479,13,1,586,600,13,59,2,0,0,888,296,0
reorder,102,fresh_nodefer,fresh_nodefer,0,0,0,30000,10,4,300,8,40,100,1000,2000,2000,12,12,0,12,0,0,0,12,12,0,1,0,0,0,579,0,0,0,585,1,0,1.000000,1.000000,0,53.083,200,148.083,400,222.334,222.334,4,839,740,0,599,592,7,4,13243,8236,21479,13,1,586,600,13,62,2,0,0,888,296,0
reorder,102,fresh,fresh,1,0,0,30000,10,4,300,8,40,100,1000,2000,2000,12,12,0,12,0,0,0,12,12,0,1,0,0,0,579,0,0,0,585,1,0,1.000000,1.000000,0,53.083,200,148.083,400,222.334,222.334,4,839,740,0,599,592,7,4,13243,8236,21479,13,1,586,600,13,62,2,0,0,888,296,0
reorder,102,fresh_ld,fresh,1,1,0,30000,10,4,300,8,40,100,1000,2000,2000,12,12,0,12,0,0,0,12,12,0,1,0,0,0,579,0,0,0,585,1,0,1.000000,1.000000,0,53.083,200,148.083,400,222.334,222.334,4,839,740,0,599,592,7,4,13243,8236,21479,13,1,586,600,13,62,2,0,0,888,296,0
reorder,102,fresh_so,fresh,1,0,1,30000,10,4,300,8,40,100,1000,2000,2000,12,12,0,12,0,0,0,12,12,0,1,0,0,0,579,0,0,0,585,1,0,1.000000,1.000000,0,53.083,200,148.083,400,222.334,222.334,4,839,740,0,599,592,7,4,13243,8236,21479,13,1,586,600,13,62,2,0,0,888,296,0
reorder,102,fifo,fifo,0,0,0,30000,10,4,300,8,40,100,1000,2000,2000,12,12,0,12,0,0,0,12,12,0,1,0,0,0,579,0,0,0,585,1,0,1.000000,1.000000,0,70.583,214,135.583,400,221.312,221.312,4,839,740,0,599,592,7,4,13243,8236,21479,13,1,586,600,13,64,2,0,0,888,296,0
reorder,103,edf_rr,edf_rr,0,0,0,30000,10,4,300,8,40,100,1000,2000,2000,12,12,0,12,0,0,0,12,12,0,3,0,0,0,581,0,0,0,585,3,0,1.000000,1.000000,0,85.250,207,185.250,407,217.226,217.226,4,638,440,0,603,596,6,5,13341,8284,21625,15,3,588,600,11,74,4,0,0,888,296,0
reorder,103,edf_rr_ld,edf_rr,0,1,0,30000,10,4,300,8,40,100,1000,2000,2000,12,12,0,12,0,0,0,12,12,0,3,0,0,0,581,0,0,0,585,3,0,1.000000,1.000000,0,85.250,207,185.250,407,217.226,217.226,4,638,440,0,603,596,6,5,13341,8284,21625,15,3,588,600,11,74,4,0,0,888,296,0
reorder,103,fresh_nodefer,fresh_nodefer,0,0,0,30000,10,4,300,8,40,100,1000,2000,2000,12,12,0,12,0,0,0,12,12,0,3,0,0,0,580,0,0,0,581,3,0,1.000000,1.000000,0,85.250,207,185.250,407,216.022,216.022,4,651,440,0,604,595,8,8,13363,8270,21633,15,3,589,600,10,76,4,0,0,888,296,0
reorder,103,fresh,fresh,1,0,0,30000,10,4,300,8,40,100,1000,2000,2000,12,12,0,12,0,0,0,12,12,0,3,0,0,0,580,0,0,0,581,3,0,1.000000,1.000000,0,85.250,207,185.250,407,216.022,216.022,4,651,440,0,604,595,8,8,13363,8270,21633,15,3,589,600,10,76,4,0,0,888,296,0
reorder,103,fresh_ld,fresh,1,1,0,30000,10,4,300,8,40,100,1000,2000,2000,12,12,0,12,0,0,0,12,12,0,3,0,0,0,580,0,0,0,581,3,0,1.000000,1.000000,0,85.250,207,185.250,407,216.022,216.022,4,651,440,0,604,595,8,8,13363,8270,21633,15,3,589,600,10,76,4,0,0,888,296,0
reorder,103,fresh_so,fresh,1,0,1,30000,10,4,300,8,40,100,1000,2000,2000,12,12,0,12,0,0,0,12,12,0,3,0,0,0,580,0,0,0,581,3,0,1.000000,1.000000,0,85.250,207,185.250,407,216.022,216.022,4,651,440,0,604,595,8,8,13363,8270,21633,15,3,589,600,10,76,4,0,0,888,296,0
reorder,103,fifo,fifo,0,0,0,30000,10,4,300,8,40,100,1000,2000,2000,12,12,0,12,0,0,0,12,12,0,3,0,0,0,580,0,0,0,581,3,0,1.000000,1.000000,0,85.250,207,185.250,407,216.022,216.022,4,651,440,0,604,595,8,8,13363,8270,21633,15,3,589,600,10,76,4,0,0,888,296,0
reorder,104,edf_rr,edf_rr,0,0,0,30000,10,4,300,8,40,100,1000,2000,2000,12,12,0,12,0,0,0,12,12,0,2,0,0,0,581,0,0,0,584,1,0,1.000000,1.000000,0,69.833,209,169.833,349,210.109,210.109,4,691,590,0,601,595,5,9,13292,8274,21566,14,2,587,600,11,65,2,0,0,888,296,0
reorder,104,edf_rr_ld,edf_rr,0,1,0,30000,10,4,300,8,40,100,1000,2000,2000,12,12,0,12,0,0,0,12,12,0,2,0,0,0,581,0,0,0,584,1,0,1.000000,1.000000,0,69.833,209,169.833,349,210.109,210.109,4,691,590,0,601,595,5,9,13292,8274,21566,14,2,587,600,11,65,2,0,0,888,296,0
reorder,104,fresh_nodefer,fresh_nodefer,0,0,0,30000,10,4,300,8,40,100,1000,2000,2000,12,12,0,12,0,0,0,12,12,0,2,0,0,0,585,0,0,0,591,1,0,1.000000,1.000000,0,69.833,209,169.833,349,208.958,208.958,4,729,590,0,603,599,2,7,13336,8330,21666,14,2,589,600,10,58,2,0,0,888,296,0
reorder,104,fresh,fresh,1,0,0,30000,10,4,300,8,40,100,1000,2000,2000,12,12,0,12,0,0,0,12,12,0,2,0,0,0,585,0,0,0,591,1,0,1.000000,1.000000,0,69.833,209,169.833,349,208.958,208.958,4,729,590,0,603,599,2,7,13336,8330,21666,14,2,589,600,10,58,2,0,0,888,296,0
reorder,104,fresh_ld,fresh,1,1,0,30000,10,4,300,8,40,100,1000,2000,2000,12,12,0,12,0,0,0,12,12,0,2,0,0,0,585,0,0,0,591,1,0,1.000000,1.000000,0,69.833,209,169.833,349,208.958,208.958,4,729,590,0,603,599,2,7,13336,8330,21666,14,2,589,600,10,58,2,0,0,888,296,0
reorder,104,fresh_so,fresh,1,0,1,30000,10,4,300,8,40,100,1000,2000,2000,12,12,0,12,0,0,0,12,12,0,2,0,0,0,585,0,0,0,591,1,0,1.000000,1.000000,0,69.833,209,169.833,349,208.958,208.958,4,729,590,0,603,599,2,7,13336,8330,21666,14,2,589,600,10,58,2,0,0,888,296,0
reorder,104,fifo,fifo,0,0,0,30000,10,4,300,8,40,100,1000,2000,2000,12,12,0,12,0,0,0,12,12,0,2,0,0,0,584,0,0,0,590,1,0,1.000000,1.000000,0,73.167,209,173.167,349,210.181,210.181,4,729,590,0,602,598,2,7,13314,8316,21630,14,2,588,600,11,62,2,0,0,888,296,0
reorder,105,edf_rr,edf_rr,0,0,0,30000,10,4,300,8,40,100,1000,2000,2000,12,12,0,12,0,0,0,12,12,0,3,0,0,0,587,0,0,0,584,2,0,1.000000,1.000000,0,54.833,207,179.833,821,214.112,214.112,4,650,610,0,606,602,3,13,13412,8368,21780,16,4,590,600,10,59,4,0,0,888,296,0
reorder,105,edf_rr_ld,edf_rr,0,1,0,30000,10,4,300,8,40,100,1000,2000,2000,12,12,0,12,0,0,0,12,12,0,3,0,0,0,587,0,0,0,584,2,0,1.000000,1.000000,0,54.833,207,179.833,821,214.112,214.112,4,650,610,0,606,602,3,13,13412,8368,21780,16,4,590,600,10,59,4,0,0,888,296,0
reorder,105,fresh_nodefer,fresh_nodefer,0,0,0,30000,10,4,300,8,40,100,1000,2000,2000,12,12,0,12,0,0,0,12,12,0,3,0,0,0,587,0,0,0,585,2,0,1.000000,1.000000,0,54.833,207,179.833,821,213.014,213.014,4,660,610,0,605,602,2,12,13390,8368,21758,16,4,589,600,11,58,4,0,0,888,296,0
reorder,105,fresh,fresh,1,0,0,30000,10,4,300,8,40,100,1000,2000,2000,12,12,0,12,0,0,0,12,12,0,3,0,0,0,587,0,0,0,585,2,0,1.000000,1.000000,0,54.833,207,179.833,821,213.014,213.014,4,660,610,0,605,602,2,12,13390,8368,21758,16,4,589,600,11,58,4,0,0,888,296,0
reorder,105,fresh_ld,fresh,1,1,0,30000,10,4,300,8,40,100,1000,2000,2000,12,12,0,12,0,0,0,12,12,0,3,0,0,0,587,0,0,0,585,2,0,1.000000,1.000000,0,54.833,207,179.833,821,213.014,213.014,4,660,610,0,605,602,2,12,13390,8368,21758,16,4,589,600,11,58,4,0,0,888,296,0
reorder,105,fresh_so,fresh,1,0,1,30000,10,4,300,8,40,100,1000,2000,2000,12,12,0,12,0,0,0,12,12,0,3,0,0,0,587,0,0,0,585,2,0,1.000000,1.000000,0,54.833,207,179.833,821,213.014,213.014,4,660,610,0,605,602,2,12,13390,8368,21758,16,4,589,600,11,58,4,0,0,888,296,0
reorder,105,fifo,fifo,0,0,0,30000,10,4,300,8,40,100,1000,2000,2000,12,12,0,12,0,0,0,12,12,0,3,0,0,0,587,0,0,0,585,2,0,1.000000,1.000000,0,71.500,214,211.500,821,211.115,211.115,4,660,610,0,605,602,2,12,13390,8368,21758,16,4,589,600,11,58,4,0,0,888,296,0
overflow,101,edf_rr,edf_rr,0,0,0,30000,10,4,300,40,40,100,1000,2000,2000,40,28,12,28,0,0,0,28,20,8,0,0,0,0,188,2,0,0,215,0,0,0.700000,0.500000,0,1929.643,7220,1949.643,7240,1125.553,1125.553,4,7462,780,21577,488,218,270,3,11766,2940,14706,206,178,282,240,0,95,0,0,0,888,296,0
overflow,101,edf_rr_ld,edf_rr,0,1,0,30000,10,4,300,40,40,100,1000,2000,2000,40,28,12,28,0,0,0,28,20,8,0,0,0,0,188,2,0,0,215,0,0,0.700000,0.500000,0,1930.000,7230,1950.000,7250,1125.512,1125.512,4,7462,780,21577,488,218,270,3,11766,2940,14706,206,178,282,240,0,95,0,0,0,888,296,0
overflow,101,fresh_nodefer,fresh_nodefer,0,0,0,30000,10,4,300,40,40,100,1000,2000,2000,40,28,12,28,0,0,0,28,20,8,0,0,0,0,188,2,0,0,215,0,0,0.700000,0.500000,0,1929.643,7220,1949.643,7240,1125.004,1125.004,4,7462,780,21567,488,218,270,3,11766,2940,14706,206,178,282,240,0,95,0,0,0,888,296,0
overflow,101,fresh,fresh,1,0,0,30000,10,4,300,40,40,100,1000,2000,2000,40,28,12,28,0,0,0,28,20,8,0,0,0,0,188,2,0,0,215,0,0,0.700000,0.500000,0,1929.643,7220,1949.643,7240,1125.004,1125.004,4,7462,780,21567,488,218,270,3,11766,2940,14706,206,178,282,240,0,95,0,0,0,888,296,0
overflow,101,fresh_ld,fresh,1,1,0,30000,10,4,300,40,40,100,1000,2000,2000,40,28,12,28,0,0,0,28,20,8,0,0,0,0,188,2,0,0,215,0,0,0.700000,0.500000,0,1930.000,7230,1950.000,7250,1124.963,1124.963,4,7462,780,21567,488,218,270,3,11766,2940,14706,206,178,282,240,0,95,0,0,0,888,296,0
overflow,101,fresh_so,fresh,1,0,1,30000,10,4,300,40,40,100,1000,2000,2000,40,28,12,28,0,0,0,28,20,8,0,0,0,0,188,2,0,0,215,0,0,0.700000,0.500000,0,1929.643,7220,1949.643,7240,1125.004,1125.004,4,7462,780,21567,488,218,270,3,11766,2940,14706,206,178,282,240,0,95,0,0,0,888,296,0
overflow,101,fifo,fifo,0,0,0,30000,10,4,300,40,40,100,1000,2000,2000,40,28,12,28,0,0,0,28,20,8,0,0,0,0,188,2,0,0,215,0,0,0.700000,0.500000,0,1931.071,7220,1951.071,7240,1124.840,1124.840,4,7462,780,21567,488,218,270,3,11766,2940,14706,206,178,282,240,0,95,0,0,0,888,296,0
overflow,102,edf_rr,edf_rr,0,0,0,30000,10,4,300,40,40,100,1000,2000,2000,40,28,12,28,0,0,0,28,20,8,0,0,0,0,187,3,0,0,215,0,0,0.700000,0.500000,0,1918.929,6920,1938.929,6940,1145.363,1145.363,4,7767,830,21851,489,218,271,3,11783,2940,14723,205,177,284,240,0,97,0,0,0,888,296,0
overflow,102,edf_rr_ld,edf_rr,0,1,0,30000,10,4,300,40,40,100,1000,2000,2000,40,28,12,28,0,0,0,28,20,8,0,0,0,0,187,3,0,0,215,0,0,0.700000,0.500000,0,1918.929,6920,1938.929,6940,1145.363,1145.363,4,7767,830,21851,489,218,271,3,11783,2940,14723,205,177,284,240,0,97,0,0,0,888,296,0
overflow,102,fresh_nodefer,fresh_nodefer,0,0,0,30000,10,4,300,40,40,100,1000,2000,2000,40,28,12,28,0,0,0,28,20,8,0,0,0,0,187,3,0,0,215,0,0,0.700000,0.500000,0,1918.929,6920,1938.929,6940,1145.370,1145.370,4,7767,830,21851,489,218,271,3,11783,2940,14723,205,177,284,240,0,97,0,0,0,888,296,0
overflow,102,fresh,fresh,1,0,0,30000,10,4,300,40,40,100,1000,2000,2000,40,28,12,28,0,0,0,28,20,8,0,0,0,0,187,3,0,0,215,0,0,0.700000,0.500000,0,1919.286,6920,1939.286,6940,1144.739,1144.739,4,7757,830,21841,489,218,271,3,11783,2940,14723,205,177,284,240,0,97,0,0,0,888,296,0
overflow,102,fresh_ld,fresh,1,1,0,30000,10,4,300,40,40,100,1000,2000,2000,40,28,12,28,0,0,0,28,20,8,0,0,0,0,187,3,0,0,215,0,0,0.700000,0.500000,0,1919.286,6920,1939.286,6940,1144.739,1144.739,4,7757,830,21841,489,218,271,3,11783,2940,14723,205,177,284,240,0,97,0,0,0,888,296,0
overflow,102,fresh_so,fresh,1,0,1,30000,10,4,300,40,40,100,1000,2000,2000,40,28,12,28,0,0,0,28,20,8,0,0,0,0,187,3,0,0,215,0,0,0.700000,0.500000,0,1919.286,6920,1939.286,6940,1144.739,1144.739,4,7757,830,21841,489,218,271,3,11783,2940,14723,205,177,284,240,0,97,0,0,0,888,296,0
overflow,102,fifo,fifo,0,0,0,30000,10,4,300,40,40,100,1000,2000,2000,40,28,12,28,0,0,0,28,20,8,0,0,0,0,187,3,0,0,215,0,0,0.700000,0.500000,0,1920.357,6930,1940.357,6950,1143.471,1143.471,4,7747,830,21821,489,218,271,3,11783,2940,14723,205,177,284,240,0,97,0,0,0,888,296,0
overflow,103,edf_rr,edf_rr,0,0,0,30000,10,4,300,40,40,100,1000,2000,2000,40,28,12,28,0,0,0,28,20,8,0,0,0,0,188,3,0,0,216,0,0,0.700000,0.500000,0,1918.929,6920,1938.929,6940,1121.174,1121.174,4,7457,900,21468,488,219,269,3,11761,2954,14715,205,177,283,240,0,95,0,0,0,888,296,0
overflow,103,edf_rr_ld,edf_rr,0,1,0,30000,10,4,300,40,40,100,1000,2000,2000,40,28,12,28,0,0,0,28,20,8,0,0,0,0,188,3,0,0,216,0,0,0.700000,0.500000,0,1918.929,6920,1938.929,6940,1121.174,1121.174,4,7457,900,21468,488,219,269,3,11761,2954,14715,205,177,283,240,0,95,0,0,0,888,296,0
overflow,103,fresh_nodefer,fresh_nodefer,0,0,0,30000,10,4,300,40,40,100,1000,2000,2000,40,28,12,28,0,0,0,28,20,8,0,0,0,0,188,3,0,0,216,0,0,0.700000,0.500000,0,1918.929,6920,1938.929,6940,1121.174,1121.174,4,7457,900,21468,488,219,269,3,11761,2954,14715,205,177,283,240,0,95,0,0,0,888,296,0
overflow,103,fresh,fresh,1,0,0,30000,10,4,300,40,40,100,1000,2000,2000,40,28,12,28,0,0,0,28,20,8,0,0,0,0,188,3,0,0,216,0,0,0.700000,0.500000,0,1919.643,6920,1939.643,6940,1119.994,1119.994,4,7447,900,21448,488,219,269,3,11761,2954,14715,205,177,283,240,0,95,0,0,0,888,296,0
overflow,103,fresh_ld,fresh,1,1,0,30000,10,4,300,40,40,100,1000,2000,2000,40,28,12,28,0,0,0,28,20,8,0,0,0,0,188,3,0,0,216,0,0,0.700000,0.500000,0,1919.643,6920,1939.643,6940,1119.994,1119.994,4,7447,900,21448,488,219,269,3,11761,2954,14715,205,177,283,240,0,95,0,0,0,888,296,0
overflow,103,fresh_so,fresh,1,0,1,30000,10,4,300,40,40,100,1000,2000,2000,40,28,12,28,0,0,0,28,20,8,0,0,0,0,188,3,0,0,216,0,0,0.700000,0.500000,0,1919.643,6920,1939.643,6940,1119.994,1119.994,4,7447,900,21448,488,219,269,3,11761,2954,14715,205,177,283,240,0,95,0,0,0,888,296,0
overflow,103,fifo,fifo,0,0,0,30000,10,4,300,40,40,100,1000,2000,2000,40,28,12,28,0,0,0,28,20,8,0,0,0,0,188,3,0,0,216,0,0,0.700000,0.500000,0,1920.357,6930,1940.357,6950,1118.810,1118.810,4,7427,900,21428,488,219,269,3,11761,2954,14715,205,177,283,240,0,95,0,0,0,888,296,0
overflow,104,edf_rr,edf_rr,0,0,0,30000,10,4,300,40,40,100,1000,2000,2000,40,28,12,28,0,0,0,28,20,8,1,0,0,0,185,1,0,0,213,0,0,0.700000,0.500000,0,1930.000,6920,1960.714,6950,1171.255,1171.255,4,7714,850,22238,491,215,276,2,11837,2894,14731,207,179,284,240,0,99,0,0,0,888,296,0
overflow,104,edf_rr_ld,edf_rr,0,1,0,30000,10,4,300,40,40,100,1000,2000,2000,40,28,12,28,0,0,0,28,20,8,1,0,0,0,185,1,0,0,213,0,0,0.700000,0.500000,0,1930.000,6920,1960.714,6950,1171.255,1171.255,4,7714,850,22238,491,215,276,2,11837,2894,14731,207,179,284,240,0,99,0,0,0,888,296,0
overflow,104,fresh_nodefer,fresh_nodefer,0,0,0,30000,10,4,300,40,40,100,1000,2000,2000,40,28,12,28,0,0,0,28,20,8,1,0,0,0,185,1,0,0,213,0,0,0.700000,0.500000,0,1930.000,6920,1960.714,6950,1171.255,1171.255,4,7714,850,22238,491,215,276,2,11837,2894,14731,207,179,284,240,0,99,0,0,0,888,296,0
overflow,104,fresh,fresh,1,0,0,30000,10,4,300,40,40,100,1000,2000,2000,40,28,12,28,0,0,0,28,20,8,1,0,0,0,185,1,0,0,213,0,0,0.700000,0.500000,0,1930.357,6920,1961.071,6950,1170.671,1170.671,4,7714,850,22228,491,215,276,2,11837,2894,14731,207,179,284,240,0,99,0,0,0,888,296,0
overflow,104,fresh_ld,fresh,1,1,0,30000,10,4,300,40,40,100,1000,2000,2000,40,28,12,28,0,0,0,28,20,8,1,0,0,0,185,1,0,0,213,0,0,0.700000,0.500000,0,1930.357,6920,1961.071,6950,1170.671,1170.671,4,7714,850,22228,491,215,276,2,11837,2894,14731,207,179,284,240,0,99,0,0,0,888,296,0
overflow,104,fresh_so,fresh,1,0,1,30000,10,4,300,40,40,100,1000,2000,2000,40,28,12,28,0,0,0,28,20,8,1,0,0,0,185,1,0,0,213,0,0,0.700000,0.500000,0,1930.357,6920,1961.071,6950,1170.671,1170.671,4,7714,850,22228,491,215,276,2,11837,2894,14731,207,179,284,240,0,99,0,0,0,888,296,0
overflow,104,fifo,fifo,0,0,0,30000,10,4,300,40,40,100,1000,2000,2000,40,28,12,28,0,0,0,28,20,8,1,0,0,0,185,1,0,0,213,0,0,0.700000,0.500000,0,1931.071,6920,1961.786,6950,1170.584,1170.584,4,7714,850,22228,491,215,276,2,11837,2894,14731,207,179,284,240,0,99,0,0,0,888,296,0
overflow,105,edf_rr,edf_rr,0,0,0,30000,10,4,300,40,40,100,1000,2000,2000,40,28,12,28,0,0,0,28,20,8,0,0,0,0,188,3,0,0,215,0,0,0.700000,0.500000,0,1929.643,6930,1949.643,6950,1126.803,1126.803,4,7473,830,21510,493,219,274,4,11876,2954,14830,206,178,287,240,0,100,0,0,0,888,296,0
overflow,105,edf_rr_ld,edf_rr,0,1,0,30000,10,4,300,40,40,100,1000,2000,2000,40,28,12,28,0,0,0,28,20,8,0,0,0,0,188,3,0,0,215,0,0,0.700000,0.500000,0,1930.714,6930,1950.714,6950,1126.673,1126.673,4,7473,830,21510,493,219,274,4,11876,2954,14830,206,178,287,240,0,100,0,0,0,888,296,0
overflow,105,fresh_nodefer,fresh_nodefer,0,0,0,30000,10,4,300,40,40,100,1000,2000,2000,40,28,12,28,0,0,0,28,20,8,0,0,0,0,188,3,0,0,215,0,0,0.700000,0.500000,0,1929.643,6930,1949.643,6950,1126.803,1126.803,4,7473,830,21510,493,219,274,4,11876,2954,14830,206,178,287,240,0,100,0,0,0,888,296,0
overflow,105,fresh,fresh,1,0,0,30000,10,4,300,40,40,100,1000,2000,2000,40,28,12,28,0,0,0,28,20,8,0,0,0,0,188,3,0,0,215,0,0,0.700000,0.500000,0,1929.643,6930,1949.643,6950,1126.803,1126.803,4,7473,830,21510,493,219,274,4,11876,2954,14830,206,178,287,240,0,100,0,0,0,888,296,0
overflow,105,fresh_ld,fresh,1,1,0,30000,10,4,300,40,40,100,1000,2000,2000,40,28,12,28,0,0,0,28,20,8,0,0,0,0,188,3,0,0,215,0,0,0.700000,0.500000,0,1930.714,6930,1950.714,6950,1126.673,1126.673,4,7473,830,21510,493,219,274,4,11876,2954,14830,206,178,287,240,0,100,0,0,0,888,296,0
overflow,105,fresh_so,fresh,1,0,1,30000,10,4,300,40,40,100,1000,2000,2000,40,28,12,28,0,0,0,28,20,8,0,0,0,0,188,3,0,0,215,0,0,0.700000,0.500000,0,1929.643,6930,1949.643,6950,1126.803,1126.803,4,7473,830,21510,493,219,274,4,11876,2954,14830,206,178,287,240,0,100,0,0,0,888,296,0
overflow,105,fifo,fifo,0,0,0,30000,10,4,300,40,40,100,1000,2000,2000,40,28,12,28,0,0,0,28,20,8,0,0,0,0,188,3,0,0,215,0,0,0.700000,0.500000,0,1930.000,6930,1950.000,6950,1126.756,1126.756,4,7473,830,21510,493,219,274,4,11876,2954,14830,206,178,287,240,0,100,0,0,0,888,296,0
overload,101,edf_rr,edf_rr,0,0,0,30000,10,4,300,8,40,100,1000,2000,2000,2500,1952,548,1950,0,2,0,1952,1935,17,25,4,0,0,165,0,0,0,2115,0,0,0.780800,0.774000,2,52.473,358,76.012,378,4405.849,4405.849,4,15555,470,63402,2166,2142,20,27,57642,22080,79722,1998,46,168,480,312,3,0,0,0,888,296,0
overload,101,edf_rr_ld,edf_rr,0,1,0,30000,10,4,300,8,40,100,1000,2000,2000,2500,1952,548,1914,0,38,0,1937,1935,2,3,6,0,0,201,0,0,0,2115,0,0,0.774800,0.774000,23,37.602,382,58.210,544,1653.003,1653.003,4,7465,470,36532,2167,2141,20,26,57489,22214,79703,1963,11,204,480,276,3,0,0,0,888,296,0
overload,101,fresh_nodefer,fresh_nodefer,0,0,0,30000,10,4,300,8,40,100,1000,2000,2000,2500,1952,548,1950,0,2,0,1952,1935,17,25,4,0,0,165,0,0,0,2115,0,0,0.780800,0.774000,2,52.473,358,76.012,378,4405.849,4405.849,4,15555,470,63402,2166,2142,20,27,57642,22080,79722,1998,46,168,480,312,3,0,0,0,888,296,0
overload,101,fresh,fresh,1,0,0,30000,10,4,300,8,40,100,1000,2000,2000,2500,1917,583,1915,0,2,0,1917,1900,17,25,4,0,0,199,0,0,0,2114,0,0,0.766800,0.760000,2,53.918,364,77.523,386,951.627,951.627,4,4564,470,17134,2165,2141,20,27,57445,22206,79651,1963,46,202,480,278,3,0,0,0,888,296,0
overload,101,fresh_ld,fresh,1,1,0,30000,10,4,300,8,40,100,1000,2000,2000,2500,1897,603,1860,0,37,0,1882,1880,2,2,7,0,0,254,0,0,0,2113,0,0,0.752800,0.752000,22,40.320,462,60.658,482,568.792,568.792,4,2532,470,2730,2165,2138,20,25,57170,22396,79566,1908,11,257,480,223,4,0,0,0,888,296,0
overload,101,fresh_so,fresh,1,0,1,30000,10,4,300,8,40,100,1000,2000,2000,2500,1908,592,1906,0,2,0,1908,1891,17,25,4,0,0,206,0,0,0,2112,0,0,0.763200,0.756400,2,54.261,368,77.884,388,719.334,719.334,4,2284,470,2465,2163,2139,20,27,57356,22214,79570,1954,46,209,480,271,3,0,0,0,888,296,0
overload,101,fifo,fifo,0,0,0,30000,10,4,300,8,40,100,1000,2000,2000,2500,1643,857,1641,0,2,0,1643,1627,16,19,4,0,0,476,0,0,0,2111,0,0,0.657200,0.650800,2,68.241,378,91.359,398,181.243,181.243,4,626,470,0,2162,2138,20,27,55974,23284,79258,1682,39,480,480,0,10,0,0,0,888,296,0
overload,102,edf_rr,edf_rr,0,0,0,30000,10,4,300,8,40,100,1000,2000,2000,2500,1955,545,1953,0,2,0,1954,1932,22,22,4,0,0,162,0,0,0,2114,0,0,0.781600,0.772800,1,52.728,358,75.953,378,6889.033,6889.033,4,20296,430,72886,2167,2138,25,23,57694,22028,79722,2004,49,163,480,317,1,1,0,0,888,296,0
overload,102,edf_rr_ld,edf_rr,0,1,0,30000,10,4,300,8,40,100,1000,2000,2000,2500,1933,567,1894,0,39,0,1913,1909,4,4,6,0,0,219,0,0,0,2112,0,0,0.765200,0.763600,19,37.527,554,58.408,574,1440.269,1440.269,4,6775,430,33576,2167,2136,25,23,57409,22236,79645,1947,14,220,480,260,1,1,0,0,888,296,0
overload,102,fresh_nodefer,fresh_nodefer,0,0,0,30000,10,4,300,8,40,100,1000,2000,2000,2500,1955,545,1953,0,2,0,1954,1932,22,22,4,0,0,162,0,0,0,2114,0,0,0.781600,0.772800,1,52.728,358,75.953,378,6889.033,6889.033,4,20296,430,72886,2167,2138,25,23,57694,22028,79722,2004,49,163,480,317,1,1,0,0,888,296,0
overload,102,fresh,fresh,1,0,0,30000,10,4,300,8,40,100,1000,2000,2000,2500,1920,580,1918,0,2,0,1919,1898,21,21,4,0,0,198,0,0,0,2114,0,0,0.767600,0.759200,1,54.320,358,77.448,378,1115.367,1115.367,4,5267,430,24269,2167,2138,25,23,57509,22172,79681,1967,47,200,480,280,3,1,0,0,888,296,0
overload,102,fresh_ld,fresh,1,1,0,30000,10,4,300,8,40,100,1000,2000,2000,2500,1894,606,1855,0,39,0,1874,1870,4,4,6,0,0,257,0,0,0,2111,0,0,0.749600,0.748000,19,38.870,544,59.769,564,602.707,602.707,4,3265,430,5772,2166,2135,25,23,57192,22378,79570,1908,14,258,480,222,1,1,0,0,888,296,0
overload,102,fresh_so,fresh,1,0,1,30000,10,4,300,8,40,100,1000,2000,2000,2500,1903,597,1901,0,2,0,1902,1880,22,21,4,0,0,215,0,0,0,2114,0,0,0.760800,0.752000,1,55.004,362,78.161,384,677.788,677.788,4,2267,430,1973,2167,2138,25,23,57429,22240,79669,1951,48,216,480,264,2,1,0,0,888,296,0
overload,102,fifo,fifo,0,0,0,30000,10,4,300,8,40,100,1000,2000,2000,2500,1645,855,1643,0,2,0,1644,1626,18,17,4,0,0,475,0,0,0,2112,0,0,0.657600,0.650400,1,68.322,378,91.248,398,181.258,181.258,4,634,430,0,2165,2136,25,23,56055,23260,79315,1685,40,480,480,0,10,1,0,0,888,296,0
overload,103,edf_rr,edf_rr,0,0,0,30000,10,4,300,8,40,100,1000,2000,2000,2500,1953,547,1952,0,1,0,1953,1932,21,28,2,0,0,161,0,0,0,2111,0,0,0.781200,0.772800,1,52.393,358,76.545,378,6895.144,6895.144,4,20282,480,72900,2167,2142,23,31,57694,22064,79758,2004,51,163,480,317,3,0,0,0,888,296,0
overload,103,edf_rr_ld,edf_rr,0,1,0,30000,10,4,300,8,40,100,1000,2000,2000,2500,1891,609,1848,0,43,0,1875,1871,4,2,13,0,0,253,0,0,0,2099,0,0,0.750000,0.748400,27,37.451,542,57.828,562,916.651,916.651,4,4998,480,18367,2166,2130,23,31,57207,22312,79519,1911,20,255,480,225,3,0,0,0,888,296,0
overload,103,fresh_nodefer,fresh_nodefer,0,0,0,30000,10,4,300,8,40,100,1000,2000,2000,2500,1953,547,1952,0,1,0,1953,1932,21,28,2,0,0,161,0,0,0,2111,0,0,0.781200,0.772800,1,52.393,358,76.545,378,6895.144,6895.144,4,20282,480,72900,2167,2142,23,31,57694,22064,79758,2004,51,163,480,317,3,0,0,0,888,296,0
overload,103,fresh,fresh,1,0,0,30000,10,4,300,8,40,100,1000,2000,2000,2500,1920,580,1919,0,1,0,1920,1901,19,28,2,0,0,194,0,0,0,2111,0,0,0.768000,0.760400,1,53.736,358,77.960,378,1146.299,1146.299,4,5472,480,23111,2167,2142,23,31,57519,22196,79715,1969,49,198,480,282,5,0,0,0,888,296,0
overload,103,fresh_ld,fresh,1,1,0,30000,10,4,300,8,40,100,1000,2000,2000,2500,1864,636,1823,0,41,0,1849,1847,2,3,16,0,0,274,0,0,0,2095,0,0,0.739600,0.738800,26,39.228,508,59.762,528,610.592,610.592,4,4272,480,8346,2165,2126,23,31,57055,22356,79411,1885,21,280,480,200,7,0,0,0,888,296,0
overload,103,fresh_so,fresh,1,0,1,30000,10,4,300,8,40,100,1000,2000,2000,2500,1908,592,1907,0,1,0,1908,1889,19,28,2,0,0,206,0,0,0,2111,0,0,0.763200,0.755600,1,54.235,358,78.486,388,715.313,715.313,4,2288,480,1977,2167,2142,23,31,57459,22244,79703,1957,49,210,480,270,5,0,0,0,888,296,0
overload,103,fifo,fifo,0,0,0,30000,10,4,300,8,40,100,1000,2000,2000,2500,1642,858,1641,0,1,0,1642,1627,15,26,2,0,0,472,0,0,0,2109,0,0,0.656800,0.650800,1,67.538,378,92.111,398,183.595,183.595,4,637,480,0,2165,2140,23,31,56055,23288,79343,1685,43,480,480,0,11,0,0,0,888,296,0
overload,104,edf_rr,edf_rr,0,0,0,30000,10,4,300,8,40,100,1000,2000,2000,2500,1962,538,1962,0,0,0,1962,1941,21,21,0,0,0,164,0,0,0,2122,0,0,0.784800,0.776400,0,53.588,358,76.799,378,6077.007,6077.007,4,20226,480,71023,2168,2147,21,25,57716,22126,79842,2004,42,164,480,316,4,0,0,0,888,296,0
overload,104,edf_rr_ld,edf_rr,0,1,0,30000,10,4,300,8,40,100,1000,2000,2000,2500,1978,522,1941,0,37,0,1959,1959,0,3,3,0,0,179,0,0,0,2116,0,0,0.783600,0.783600,18,37.491,58,58.103,602,2526.585,2526.585,4,8566,480,55868,2165,2141,21,25,57550,22126,79676,1984,6,181,480,299,6,0,0,0,888,296,0
overload,104,fresh_nodefer,fresh_nodefer,0,0,0,30000,10,4,300,8,40,100,1000,2000,2000,2500,1962,538,1962,0,0,0,1962,1941,21,21,0,0,0,164,0,0,0,2122,0,0,0.784800,0.776400,0,53.588,358,76.799,378,6077.007,6077.007,4,20226,480,71023,2168,2147,21,25,57716,22126,79842,2004,42,164,480,316,4,0,0,0,888,296,0
overload,104,fresh,fresh,1,0,0,30000,10,4,300,8,40,100,1000,2000,2000,2500,1940,560,1940,0,0,0,1940,1919,21,21,0,0,0,186,0,0,0,2122,0,0,0.776000,0.767600,0,54.491,358,77.738,378,1641.427,1641.427,4,7253,480,40388,2168,2147,21,25,57606,22214,79820,1982,42,186,480,294,4,0,0,0,888,296,0
overload,104,fresh_ld,fresh,1,1,0,30000,10,4,300,8,40,100,1000,2000,2000,2500,1920,580,1883,0,37,0,1902,1902,0,2,6,0,0,235,0,0,0,2114,0,0,0.760800,0.760800,19,39.963,58,60.276,392,581.663,581.663,4,2705,480,2263,2166,2139,21,25,57292,22330,79622,1928,8,238,480,242,7,0,0,0,888,296,0
overload,104,fresh_so,fresh,1,0,1,30000,10,4,300,8,40,100,1000,2000,2000,2500,1920,580,1920,0,0,0,1920,1899,21,20,0,0,0,207,0,0,0,2122,0,0,0.768000,0.759600,0,55.470,362,78.595,382,754.101,754.101,4,2297,480,3271,2168,2147,21,25,57501,22298,79799,1961,41,207,480,273,5,0,0,0,888,296,0
overload,104,fifo,fifo,0,0,0,30000,10,4,300,8,40,100,1000,2000,2000,2500,1651,849,1651,0,0,0,1651,1633,18,17,0,0,0,477,0,0,0,2120,0,0,0.660400,0.653200,0,69.242,382,92.331,402,180.836,180.836,4,648,480,0,2166,2145,21,25,56082,23358,79440,1686,35,480,480,0,11,0,0,0,888,296,0
overload,105,edf_rr,edf_rr,0,0,0,30000,10,4,300,8,40,100,1000,2000,2000,2500,1957,543,1957,0,0,0,1957,1936,21,27,0,0,0,163,0,0,0,2119,0,0,0.782800,0.774400,0,52.785,358,76.924,378,6895.303,6895.303,4,20291,490,72907,2168,2147,21,28,57721,22122,79843,2005,48,163,480,317,0,0,0,0,888,296,0
overload,105,edf_rr_ld,edf_rr,0,1,0,30000,10,4,300,8,40,100,1000,2000,2000,2500,1954,546,1910,0,44,0,1935,1933,2,2,8,0,0,201,0,0,0,2110,0,0,0.774000,0.773200,25,35.013,426,55.407,446,1447.719,1447.719,4,6591,490,33075,2167,2138,21,28,57504,22184,79688,1966,12,201,480,279,0,0,0,0,888,296,0
overload,105,fresh_nodefer,fresh_nodefer,0,0,0,30000,10,4,300,8,40,100,1000,2000,2000,2500,1957,543,1957,0,0,0,1957,1936,21,27,0,0,0,163,0,0,0,2119,0,0,0.782800,0.774400,0,52.785,358,76.924,378,6895.303,6895.303,4,20291,490,72907,2168,2147,21,28,57721,22122,79843,2005,48,163,480,317,0,0,0,0,888,296,0
overload,105,fresh,fresh,1,0,0,30000,10,4,300,8,40,100,1000,2000,2000,2500,1930,570,1930,0,0,0,1930,1909,21,27,0,0,0,190,0,0,0,2119,0,0,0.772000,0.763600,0,53.889,358,78.086,378,1196.366,1196.366,4,4635,490,29418,2168,2147,21,28,57586,22230,79816,1978,48,190,480,290,0,0,0,0,888,296,0
overload,105,fresh_ld,fresh,1,1,0,30000,10,4,300,8,40,100,1000,2000,2000,2500,1898,602,1855,0,43,0,1879,1878,1,2,7,0,0,258,0,0,0,2111,0,0,0.751600,0.751200,24,37.330,342,57.833,544,472.630,472.630,4,2091,490,170,2167,2139,21,28,57214,22422,79636,1908,10,259,480,221,2,0,0,0,888,296,0
overload,105,fresh_so,fresh,1,0,1,30000,10,4,300,8,40,100,1000,2000,2000,2500,1912,588,1912,0,0,0,1912,1891,21,26,0,0,0,209,0,0,0,2119,0,0,0.764800,0.756400,0,54.788,368,78.867,398,714.156,714.156,4,2224,490,2737,2168,2147,21,28,57491,22306,79797,1959,47,209,480,271,1,0,0,0,888,296,0
overload,105,fifo,fifo,0,0,0,30000,10,4,300,8,40,100,1000,2000,2000,2500,1646,854,1646,0,0,0,1646,1629,17,23,0,0,0,476,0,0,0,2117,0,0,0.658400,0.651600,0,68.296,378,92.488,404,181.108,181.108,4,630,490,0,2166,2145,21,28,56082,23354,79436,1686,40,480,480,0,8,0,0,0,888,296,0
tight_deadline,101,edf_rr,edf_rr,0,0,0,30000,10,8,300,8,40,100,1000,2000,2000,38,38,0,38,0,0,0,38,35,3,1,0,0,0,787,0,0,0,773,0,0,1.000000,0.921053,0,124.947,1820,176.526,1840,520.352,520.352,8,2549,1180,1846,1357,826,531,53,30129,11408,41537,55,17,1302,2400,1093,559,0,0,0,888,296,0
tight_deadline,101,edf_rr_ld,edf_rr,0,1,0,30000,10,8,300,8,40,100,1000,2000,2000,38,38,0,38,0,0,0,38,35,3,1,0,0,0,789,0,0,0,775,0,0,1.000000,0.921053,0,133.895,1840,178.105,1860,519.443,519.443,8,2549,1180,1846,1359,828,531,53,30173,11436,41609,55,17,1304,2400,1091,559,0,0,0,888,296,0
tight_deadline,101,fresh_nodefer,fresh_nodefer,0,0,0,30000,10,8,300,8,40,100,1000,2000,2000,38,38,0,38,0,0,0,38,35,3,1,0,0,0,799,0,0,0,787,0,0,1.000000,0.921053,0,124.947,1820,176.526,1840,520.497,520.497,8,2549,1180,2078,1368,838,530,51,30371,11576,41947,55,17,1313,2400,1081,556,0,0,0,888,296,0
tight_deadline,101,fresh,fresh,1,0,0,30000,10,8,300,8,40,100,1000,2000,2000,38,38,0,38,0,0,0,38,37,1,0,0,0,0,796,0,0,0,783,0,0,1.000000,0.973684,0,88.895,1820,108.895,1840,529.415,529.415,8,2546,1180,2035,1357,834,523,51,30084,11524,41608,46,8,1311,2400,1083,558,0,0,0,888,296,0
tight_deadline,101,fresh_ld,fresh,1,1,0,30000,10,8,300,8,40,100,1000,2000,2000,38,38,0,38,0,0,0,38,37,1,0,0,0,0,797,0,0,0,784,0,0,1.000000,0.973684,0,89.158,1830,109.158,1850,529.378,529.378,8,2546,1180,2035,1358,835,523,51,30106,11538,41644,46,8,1312,2400,1082,558,0,0,0,888,296,0
tight_deadline,101,fresh_so,fresh,1,0,1,30000,10,8,300,8,40,100,1000,2000,2000,38,38,0,38,0,0,0,38,37,1,0,0,0,0,796,0,0,0,783,0,0,1.000000,0.973684,0,88.895,1820,108.895,1840,529.415,529.415,8,2546,1180,2035,1357,834,523,51,30084,11524,41608,46,8,1311,2400,1083,558,0,0,0,888,296,0
tight_deadline,101,fifo,fifo,0,0,0,30000,10,8,300,8,40,100,1000,2000,2000,38,38,0,38,0,0,0,38,36,2,1,0,0,0,796,0,0,0,786,0,0,1.000000,0.947368,0,139.158,1820,174.947,1840,535.923,535.923,8,2546,1180,2482,1369,835,534,49,30388,11534,41922,54,16,1315,2400,1079,559,0,0,0,888,296,0
tight_deadline,102,edf_rr,edf_rr,0,0,0,30000,10,8,300,8,40,100,1000,2000,2000,38,38,0,38,0,0,0,38,36,2,2,0,0,0,814,0,0,0,799,0,0,1.000000,0.947368,0,109.289,1529,176.658,1549,494.133,494.133,8,2244,1440,622,1374,854,520,55,30503,11796,42299,55,17,1319,2400,1077,550,0,0,0,888,296,0
tight_deadline,102,edf_rr_ld,edf_rr,0,1,0,30000,10,8,300,8,40,100,1000,2000,2000,38,38,0,38,0,0,0,38,36,2,2,0,0,0,814,0,0,0,799,0,0,1.000000,0.947368,0,109.289,1529,176.658,1549,494.133,494.133,8,2244,1440,622,1374,854,520,55,30503,11796,42299,55,17,1319,2400,1077,550,0,0,0,888,296,0
tight_deadline,102,fresh_nodefer,fresh_nodefer,0,0,0,30000,10,8,300,8,40,100,1000,2000,2000,38,38,0,38,0,0,0,38,36,2,2,0,0,0,814,0,0,0,800,0,0,1.000000,0.947368,0,109.289,1529,176.658,1549,506.089,506.089,8,2547,1440,1155,1376,854,522,54,30547,11796,42343,55,17,1321,2400,1075,551,0,0,0,888,296,0
tight_deadline,102,fresh,fresh,1,0,0,30000,10,8,300,8,40,100,1000,2000,2000,38,38,0,38,0,0,0,38,36,2,3,0,0,0,806,0,0,0,795,0,0,1.000000,0.947368,0,105.605,1529,180.868,1549,508.509,508.509,8,2547,1440,1239,1373,847,526,52,30481,11694,42175,55,17,1318,2400,1078,553,0,0,0,888,296,0
tight_deadline,102,fresh_ld,fresh,1,1,0,30000,10,8,300,8,40,100,1000,2000,2000,38,38,0,38,0,0,0,38,36,2,3,0,0,0,806,0,0,0,795,0,0,1.000000,0.947368,0,105.605,1529,180.868,1549,508.509,508.509,8,2547,1440,1239,1373,847,526,52,30481,11694,42175,55,17,1318,2400,1078,553,0,0,0,888,296,0
tight_deadline,102,fresh_so,fresh,1,0,1,30000,10,8,300,8,40,100,1000,2000,2000,38,38,0,38,0,0,0,38,36,2,3,0,0,0,806,0,0,0,795,0,0,1.000000,0.947368,0,105.605,1529,180.868,1549,508.509,508.509,8,2547,1440,1239,1373,847,526,52,30481,11694,42175,55,17,1318,2400,1078,553,0,0,0,888,296,0
tight_deadline,102,fifo,fifo,0,0,0,30000,10,8,300,8,40,100,1000,2000,2000,38,38,0,38,0,0,0,38,37,1,1,0,0,0,811,0,0,0,798,0,0,1.000000,0.973684,0,91.395,1529,150.868,1549,503.829,503.829,8,2547,1750,1483,1372,850,522,52,30439,11744,42183,51,13,1321,2400,1075,553,0,0,0,888,296,0
tight_deadline,103,edf_rr,edf_rr,0,0,0,30000,10,8,300,8,40,100,1000,2000,2000,38,38,0,38,0,0,0,38,35,3,1,0,0,0,807,0,0,0,794,0,0,1.000000,0.921053,0,148.947,1829,184.737,1849,516.752,516.752,8,2443,1500,1534,1373,846,527,52,30486,11688,42174,56,18,1317,2400,1080,553,0,0,0,888,296,0
tight_deadline,103,edf_rr_ld,edf_rr,0,1,0,30000,10,8,300,8,40,100,1000,2000,2000,38,38,0,38,0,0,0,38,35,3,1,0,0,0,807,0,0,0,794,0,0,1.000000,0.921053,0,148.947,1829,185.263,1849,516.743,516.743,8,2443,1500,1534,1373,846,527,52,30486,11688,42174,56,18,1317,2400,1080,553,0,0,0,888,296,0
tight_deadline,103,fresh_nodefer,fresh_nodefer,0,0,0,30000,10,8,300,8,40,100,1000,2000,2000,38,38,0,38,0,0,0,38,35,3,1,0,0,0,825,0,0,0,810,0,0,1.000000,0.921053,0,148.947,1829,184.737,1849,512.806,512.806,8,2510,1500,1358,1384,864,520,54,30728,11940,42668,56,18,1328,2400,1068,548,0,0,0,888,296,0
tight_deadline,103,fresh,fresh,1,0,0,30000,10,8,300,8,40,100,1000,2000,2000,38,38,0,38,0,0,0,38,34,4,0,0,0,0,832,0,0,0,813,0,0,1.000000,0.894737,0,167.632,1829,187.632,1849,507.168,507.168,8,2533,1500,1400,1388,870,518,57,30816,12028,42844,56,18,1332,2400,1064,549,0,0,0,888,296,0
tight_deadline,103,fresh_ld,fresh,1,1,0,30000,10,8,300,8,40,100,1000,2000,2000,38,38,0,38,0,0,0,38,34,4,1,0,0,0,834,0,0,0,816,0,0,1.000000,0.894737,0,167.895,1829,195.789,1849,507.041,507.041,8,2533,1500,1400,1391,873,518,57,30887,12066,42953,57,19,1334,2400,1062,548,0,0,0,888,296,0
tight_deadline,103,fresh_so,fresh,1,0,1,30000,10,8,300,8,40,100,1000,2000,2000,38,38,0,38,0,0,0,38,34,4,0,0,0,0,832,0,0,0,813,0,0,1.000000,0.894737,0,167.632,1829,187.632,1849,507.168,507.168,8,2533,1500,1400,1388,870,518,57,30816,12028,42844,56,18,1332,2400,1064,549,0,0,0,888,296,0
tight_deadline,103,fifo,fifo,0,0,0,30000,10,8,300,8,40,100,1000,2000,2000,38,38,0,38,0,0,0,38,36,2,0,0,0,0,823,0,0,0,807,0,0,1.000000,0.947368,0,138.158,1829,158.158,1849,510.605,510.605,8,2510,1500,1356,1381,861,520,54,30642,11902,42544,52,14,1329,2400,1067,552,0,0,0,888,296,0
tight_deadline,104,edf_rr,edf_rr,0,0,0,30000,10,8,300,8,40,100,1000,2000,2000,38,38,0,38,0,0,0,38,37,1,3,0,0,0,781,0,0,0,766,0,0,1.000000,0.973684,0,124.737,1221,200.000,1841,505.748,505.748,8,2525,860,657,1356,822,534,56,30122,11344,41466,58,20,1298,2400,1097,562,0,0,0,888,296,0
tight_deadline,104,edf_rr_ld,edf_rr,0,1,0,30000,10,8,300,8,40,100,1000,2000,2000,38,38,0,38,0,0,0,38,37,1,3,0,0,0,782,0,0,0,766,0,0,1.000000,0.973684,0,124.737,1221,208.158,2151,505.618,505.618,8,2525,860,657,1357,823,534,57,30149,11358,41507,59,21,1298,2400,1097,562,0,0,0,888,296,0
tight_deadline,104,fresh_nodefer,fresh_nodefer,0,0,0,30000,10,8,300,8,40,100,1000,2000,2000,38,38,0,38,0,0,0,38,37,1,3,0,0,0,778,0,0,0,761,0,0,1.000000,0.973684,0,124.737,1221,200.000,1841,502.103,502.103,8,2525,860,757,1357,819,538,58,30144,11302,41446,58,20,1299,2400,1096,568,0,0,0,888,296,0
tight_deadline,104,fresh,fresh,1,0,0,30000,10,8,300,8,40,100,1000,2000,2000,38,38,0,38,0,0,0,38,37,1,2,0,0,0,778,0,0,0,760,0,0,1.000000,0.973684,0,97.632,1221,165.000,1841,506.270,506.270,8,2525,860,757,1352,818,534,58,30009,11292,41301,53,15,1299,2400,1096,569,0,0,0,888,296,0
tight_deadline,104,fresh_ld,fresh,1,1,0,30000,10,8,300,8,40,100,1000,2000,2000,38,38,0,38,0,0,0,38,37,1,2,0,0,0,779,0,0,0,760,0,0,1.000000,0.973684,0,97.632,1221,173.158,2151,506.140,506.140,8,2525,860,757,1353,819,534,59,30036,11306,41342,54,16,1299,2400,1096,569,0,0,0,888,296,0
tight_deadline,104,fresh_so,fresh,1,0,1,30000,10,8,300,8,40,100,1000,2000,2000,38,38,0,38,0,0,0,38,37,1,2,0,0,0,778,0,0,0,760,0,0,1.000000,0.973684,0,97.632,1221,165.000,1841,506.270,506.270,8,2525,860,757,1352,818,534,58,30009,11292,41301,53,15,1299,2400,1096,569,0,0,0,888,296,0
tight_deadline,104,fifo,fifo,0,0,0,30000,10,8,300,8,40,100,1000,2000,2000,38,38,0,38,0,0,0,38,36,2,4,0,0,0,775,0,0,0,754,0,0,1.000000,0.947368,0,147.895,1541,262.632,1841,516.223,516.223,8,2543,860,1032,1360,817,543,63,30245,11270,41515,65,27,1295,2400,1100,571,0,0,0,888,296,0
tight_deadline,105,edf_rr,edf_rr,0,0,0,30000,10,8,300,8,40,100,1000,2000,2000,38,38,0,37,0,0,1,37,35,2,2,0,0,0,826,0,0,0,816,0,0,0.973684,0.921053,0,94.730,629,130.946,649,511.550,511.550,8,2839,890,2259,1387,865,522,49,30774,11954,42728,52,14,1335,2400,1059,548,0,0,0,888,296,0
tight_deadline,105,edf_rr_ld,edf_rr,0,1,0,30000,10,8,300,8,40,100,1000,2000,2000,38,38,0,37,0,0,1,37,35,2,2,0,0,0,826,0,0,0,816,0,0,0.973684,0.921053,0,95.270,649,131.486,669,511.543,511.543,8,2839,890,2259,1387,865,522,49,30774,11954,42728,52,14,1335,2400,1059,548,0,0,0,888,296,0
tight_deadline,105,fresh_nodefer,fresh_nodefer,0,0,0,30000,10,8,300,8,40,100,1000,2000,2000,38,38,0,37,0,0,1,37,35,2,2,0,0,0,824,0,0,0,815,0,0,0.973684,0.921053,0,94.730,629,130.946,649,507.587,507.587,8,2829,880,1728,1387,863,524,48,30774,11926,42700,52,14,1335,2400,1059,549,0,0,0,888,296,0
tight_deadline,105,fresh,fresh,1,0,0,30000,10,8,300,8,40,100,1000,2000,2000,38,38,0,37,0,0,1,37,36,1,1,0,0,0,821,0,0,0,812,0,0,0.973684,0.947368,0,81.757,623,109.865,643,511.454,511.454,8,2829,880,1970,1382,859,523,47,30649,11874,42523,49,11,1333,2400,1061,550,0,0,0,888,296,0
tight_deadline,105,fresh_ld,fresh,1,1,0,30000,10,8,300,8,40,100,1000,2000,2000,38,38,0,37,0,0,1,37,36,1,1,0,0,0,821,0,0,0,812,0,0,0.973684,0.947368,0,81.757,623,109.865,643,511.454,511.454,8,2829,880,1970,1382,859,523,47,30649,11874,42523,49,11,1333,2400,1061,550,0,0,0,888,296,0
tight_deadline,105,fresh_so,fresh,1,0,1,30000,10,8,300,8,40,100,1000,2000,2000,38,38,0,37,0,0,1,37,36,1,1,0,0,0,821,0,0,0,812,0,0,0.973684,0.947368,0,81.757,623,109.865,643,511.454,511.454,8,2829,880,1970,1382,859,523,47,30649,11874,42523,49,11,1333,2400,1061,550,0,0,0,888,296,0
tight_deadline,105,fifo,fifo,0,0,0,30000,10,8,300,8,40,100,1000,2000,2000,38,38,0,38,0,0,0,38,38,0,3,0,0,0,804,0,0,0,792,0,0,1.000000,1.000000,0,58.684,330,102.368,354,519.361,519.361,8,2829,890,2600,1365,845,520,53,30255,11666,41921,45,7,1320,2400,1074,558,0,0,0,888,296,0
