scenario,policy,n_seeds,seeds,aoi_mean_defined_ms_mean,aoi_mean_defined_ms_min,aoi_mean_defined_ms_max,aoi_mean_defined_ms_n,aoi_defined_streams_mean,aoi_defined_streams_min,aoi_defined_streams_max,aoi_defined_streams_n,recall_mean,recall_min,recall_max,recall_n,on_time_rate_mean,on_time_rate_min,on_time_rate_max,on_time_rate_n,rx_ev_late_mean,rx_ev_late_min,rx_ev_late_max,rx_ev_late_n,ev_rejected_full_mean,ev_rejected_full_min,ev_rejected_full_max,ev_rejected_full_n,ev_retention_expired_mean,ev_retention_expired_min,ev_retention_expired_max,ev_retention_expired_n,ev_retry_exhausted_mean,ev_retry_exhausted_min,ev_retry_exhausted_max,ev_retry_exhausted_n,ev_pending_end_mean,ev_pending_end_min,ev_pending_end_max,ev_pending_end_n,delivered_but_unacked_mean,delivered_but_unacked_min,delivered_but_unacked_max,delivered_but_unacked_n,lat_mean_ms_mean,lat_mean_ms_min,lat_mean_ms_max,lat_mean_ms_n,aoi_mean_ms_mean,aoi_mean_ms_min,aoi_mean_ms_max,aoi_mean_ms_n,aoi_peak_ms_mean,aoi_peak_ms_min,aoi_peak_ms_max,aoi_peak_ms_n,over_threshold_ms_sum_mean,over_threshold_ms_sum_min,over_threshold_ms_sum_max,over_threshold_ms_sum_n,unknown_ms_sum_mean,unknown_ms_sum_min,unknown_ms_sum_max,unknown_ms_sum_n,bytes_total_tx_mean,bytes_total_tx_min,bytes_total_tx_max,bytes_total_tx_n,event_retries_mean,event_retries_min,event_retries_max,event_retries_n
healthy_light,edf_rr,5,101;102;103;104;105,279.675200,275.655,284.901,5,4.000000,4,4,5,1.000000,1.000000,1.000000,5,1.000000,1.000000,1.000000,5,0.000000,0,0,5,0.000000,0,0,5,0.000000,0,0,5,0.000000,0,0,5,0.000000,0,0,5,0.000000,0,0,5,24.183400,23.500,24.917,5,279.675200,275.655,284.901,5,825.800000,621,920,5,0.000000,0,0,5,838.000000,780,900,5,9236.400000,9156,9316,5,0.000000,0,0,5
healthy_light,edf_rr_ld,5,101;102;103;104;105,279.675200,275.655,284.901,5,4.000000,4,4,5,1.000000,1.000000,1.000000,5,1.000000,1.000000,1.000000,5,0.000000,0,0,5,0.000000,0,0,5,0.000000,0,0,5,0.000000,0,0,5,0.000000,0,0,5,0.000000,0,0,5,24.183400,23.500,24.917,5,279.675200,275.655,284.901,5,825.800000,621,920,5,0.000000,0,0,5,838.000000,780,900,5,9236.400000,9156,9316,5,0.000000,0,0,5
healthy_light,fresh_nodefer,5,101;102;103;104;105,279.680800,275.655,284.890,5,4.000000,4,4,5,1.000000,1.000000,1.000000,5,1.000000,1.000000,1.000000,5,0.000000,0,0,5,0.000000,0,0,5,0.000000,0,0,5,0.000000,0,0,5,0.000000,0,0,5,0.000000,0,0,5,24.183400,23.500,24.917,5,279.680800,275.655,284.890,5,823.800000,621,920,5,0.000000,0,0,5,838.000000,780,900,5,9236.400000,9156,9316,5,0.000000,0,0,5
healthy_light,fresh,5,101;102;103;104;105,279.680800,275.655,284.890,5,4.000000,4,4,5,1.000000,1.000000,1.000000,5,1.000000,1.000000,1.000000,5,0.000000,0,0,5,0.000000,0,0,5,0.000000,0,0,5,0.000000,0,0,5,0.000000,0,0,5,0.000000,0,0,5,24.183400,23.500,24.917,5,279.680800,275.655,284.890,5,823.800000,621,920,5,0.000000,0,0,5,838.000000,780,900,5,9236.400000,9156,9316,5,0.000000,0,0,5
healthy_light,fresh_ld,5,101;102;103;104;105,279.680800,275.655,284.890,5,4.000000,4,4,5,1.000000,1.000000,1.000000,5,1.000000,1.000000,1.000000,5,0.000000,0,0,5,0.000000,0,0,5,0.000000,0,0,5,0.000000,0,0,5,0.000000,0,0,5,0.000000,0,0,5,24.183400,23.500,24.917,5,279.680800,275.655,284.890,5,823.800000,621,920,5,0.000000,0,0,5,838.000000,780,900,5,9236.400000,9156,9316,5,0.000000,0,0,5
healthy_light,fresh_so,5,101;102;103;104;105,279.680800,275.655,284.890,5,4.000000,4,4,5,1.000000,1.000000,1.000000,5,1.000000,1.000000,1.000000,5,0.000000,0,0,5,0.000000,0,0,5,0.000000,0,0,5,0.000000,0,0,5,0.000000,0,0,5,0.000000,0,0,5,24.183400,23.500,24.917,5,279.680800,275.655,284.890,5,823.800000,621,920,5,0.000000,0,0,5,838.000000,780,900,5,9236.400000,9156,9316,5,0.000000,0,0,5
healthy_light,fifo,5,101;102;103;104;105,279.664400,275.655,284.890,5,4.000000,4,4,5,1.000000,1.000000,1.000000,5,1.000000,1.000000,1.000000,5,0.000000,0,0,5,0.000000,0,0,5,0.000000,0,0,5,0.000000,0,0,5,0.000000,0,0,5,0.000000,0,0,5,24.516600,23.500,25.750,5,279.664400,275.655,284.890,5,823.800000,621,920,5,0.000000,0,0,5,838.000000,780,900,5,9236.400000,9156,9316,5,0.000000,0,0,5
alarm_outage,edf_rr,5,101;102;103;104;105,1072.590200,1049.543,1081.969,5,2.000000,2,2,5,1.000000,1.000000,1.000000,5,0.000000,0.000000,0.000000,5,2.000000,2,2,5,0.000000,0,0,5,0.000000,0,0,5,0.000000,0,0,5,0.000000,0,0,5,0.000000,0,0,5,4070.000000,4070.000,4070.000,5,1072.590200,1049.543,1081.969,5,7032.000000,7030,7040,5,9511.600000,9275,9607,5,298.000000,250,340,5,4285.000000,4275,4311,5,27.000000,27,27,5
alarm_outage,edf_rr_ld,5,101;102;103;104;105,1072.590200,1049.543,1081.969,5,2.000000,2,2,5,1.000000,1.000000,1.000000,5,0.000000,0.000000,0.000000,5,2.000000,2,2,5,0.000000,0,0,5,0.000000,0,0,5,0.000000,0,0,5,0.000000,0,0,5,0.000000,0,0,5,4070.000000,4070.000,4070.000,5,1072.590200,1049.543,1081.969,5,7032.000000,7030,7040,5,9511.600000,9275,9607,5,298.000000,250,340,5,4285.000000,4275,4311,5,27.000000,27,27,5
alarm_outage,fresh_nodefer,5,101;102;103;104;105,1072.556800,1049.376,1081.969,5,2.000000,2,2,5,1.000000,1.000000,1.000000,5,0.000000,0.000000,0.000000,5,2.000000,2,2,5,0.000000,0,0,5,0.000000,0,0,5,0.000000,0,0,5,0.000000,0,0,5,0.000000,0,0,5,4070.000000,4070.000,4070.000,5,1072.556800,1049.376,1081.969,5,7030.000000,7030,7030,5,9511.600000,9275,9607,5,298.000000,250,340,5,4285.000000,4275,4311,5,27.000000,27,27,5
alarm_outage,fresh,5,101;102;103;104;105,1071.189600,1047.209,1080.802,5,2.000000,2,2,5,1.000000,1.000000,1.000000,5,0.000000,0.000000,0.000000,5,2.000000,2,2,5,0.000000,0,0,5,0.000000,0,0,5,0.000000,0,0,5,0.000000,0,0,5,0.000000,0,0,5,4076.000000,4075.000,4080.000,5,1071.189600,1047.209,1080.802,5,7020.000000,7020,7020,5,9499.600000,9255,9597,5,298.000000,250,340,5,4285.000000,4275,4311,5,27.000000,27,27,5
alarm_outage,fresh_ld,5,101;102;103;104;105,1071.189600,1047.209,1080.802,5,2.000000,2,2,5,1.000000,1.000000,1.000000,5,0.000000,0.000000,0.000000,5,2.000000,2,2,5,0.000000,0,0,5,0.000000,0,0,5,0.000000,0,0,5,0.000000,0,0,5,0.000000,0,0,5,4076.000000,4075.000,4080.000,5,1071.189600,1047.209,1080.802,5,7020.000000,7020,7020,5,9499.600000,9255,9597,5,298.000000,250,340,5,4285.000000,4275,4311,5,27.000000,27,27,5
alarm_outage,fresh_so,5,101;102;103;104;105,1071.189600,1047.209,1080.802,5,2.000000,2,2,5,1.000000,1.000000,1.000000,5,0.000000,0.000000,0.000000,5,2.000000,2,2,5,0.000000,0,0,5,0.000000,0,0,5,0.000000,0,0,5,0.000000,0,0,5,0.000000,0,0,5,4076.000000,4075.000,4080.000,5,1071.189600,1047.209,1080.802,5,7020.000000,7020,7020,5,9499.600000,9255,9597,5,298.000000,250,340,5,4285.000000,4275,4311,5,27.000000,27,27,5
alarm_outage,fifo,5,101;102;103;104;105,1072.590200,1049.543,1081.969,5,2.000000,2,2,5,1.000000,1.000000,1.000000,5,0.000000,0.000000,0.000000,5,2.000000,2,2,5,0.000000,0,0,5,0.000000,0,0,5,0.000000,0,0,5,0.000000,0,0,5,0.000000,0,0,5,4070.000000,4070.000,4070.000,5,1072.590200,1049.543,1081.969,5,7032.000000,7030,7040,5,9511.600000,9275,9607,5,298.000000,250,340,5,4285.000000,4275,4311,5,27.000000,27,27,5
burst_loss,edf_rr,5,101;102;103;104;105,349.353800,325.234,371.005,5,4.000000,4,4,5,1.000000,1.000000,1.000000,5,1.000000,1.000000,1.000000,5,0.000000,0,0,5,0.000000,0,0,5,0.000000,0,0,5,0.000000,0,0,5,0.000000,0,0,5,0.000000,0,0,5,123.250000,69.000,189.700,5,349.353800,325.234,371.005,5,1447.400000,1196,1646,5,0.000000,0,0,5,898.000000,830,1080,5,10459.600000,10211,10669,5,7.200000,3,11,5
burst_loss,edf_rr_ld,5,101;102;103;104;105,349.353800,325.234,371.005,5,4.000000,4,4,5,1.000000,1.000000,1.000000,5,1.000000,1.000000,1.000000,5,0.000000,0,0,5,0.000000,0,0,5,0.000000,0,0,5,0.000000,0,0,5,0.000000,0,0,5,0.000000,0,0,5,123.250000,69.000,189.700,5,349.353800,325.234,371.005,5,1447.400000,1196,1646,5,0.000000,0,0,5,898.000000,830,1080,5,10459.600000,10211,10669,5,7.200000,3,11,5
burst_loss,fresh_nodefer,5,101;102;103;104;105,349.371800,325.234,371.002,5,4.000000,4,4,5,1.000000,1.000000,1.000000,5,1.000000,1.000000,1.000000,5,0.000000,0,0,5,0.000000,0,0,5,0.000000,0,0,5,0.000000,0,0,5,0.000000,0,0,5,0.000000,0,0,5,123.250000,69.000,189.700,5,349.371800,325.234,371.002,5,1447.400000,1196,1646,5,0.000000,0,0,5,898.000000,830,1080,5,10452.400000,10211,10669,5,7.200000,3,11,5
burst_loss,fresh,5,101;102;103;104;105,349.371800,325.234,371.002,5,4.000000,4,4,5,1.000000,1.000000,1.000000,5,1.000000,1.000000,1.000000,5,0.000000,0,0,5,0.000000,0,0,5,0.000000,0,0,5,0.000000,0,0,5,0.000000,0,0,5,0.000000,0,0,5,123.250000,69.000,189.700,5,349.371800,325.234,371.002,5,1447.400000,1196,1646,5,0.000000,0,0,5,898.000000,830,1080,5,10452.400000,10211,10669,5,7.200000,3,11,5
burst_loss,fresh_ld,5,101;102;103;104;105,349.371800,325.234,371.002,5,4.000000,4,4,5,1.000000,1.000000,1.000000,5,1.000000,1.000000,1.000000,5,0.000000,0,0,5,0.000000,0,0,5,0.000000,0,0,5,0.000000,0,0,5,0.000000,0,0,5,0.000000,0,0,5,123.250000,69.000,189.700,5,349.371800,325.234,371.002,5,1447.400000,1196,1646,5,0.000000,0,0,5,898.000000,830,1080,5,10452.400000,10211,10669,5,7.200000,3,11,5
burst_loss,fresh_so,5,101;102;103;104;105,349.371800,325.234,371.002,5,4.000000,4,4,5,1.000000,1.000000,1.000000,5,1.000000,1.000000,1.000000,5,0.000000,0,0,5,0.000000,0,0,5,0.000000,0,0,5,0.000000,0,0,5,0.000000,0,0,5,0.000000,0,0,5,123.250000,69.000,189.700,5,349.371800,325.234,371.002,5,1447.400000,1196,1646,5,0.000000,0,0,5,898.000000,830,1080,5,10452.400000,10211,10669,5,7.200000,3,11,5
burst_loss,fifo,5,101;102;103;104;105,349.820000,325.234,371.002,5,4.000000,4,4,5,1.000000,1.000000,1.000000,5,1.000000,1.000000,1.000000,5,0.000000,0,0,5,0.000000,0,0,5,0.000000,0,0,5,0.000000,0,0,5,0.000000,0,0,5,0.000000,0,0,5,120.650000,69.000,189.700,5,349.820000,325.234,371.002,5,1447.400000,1196,1646,5,0.000000,0,0,5,898.000000,830,1080,5,10451.400000,10211,10669,5,7.000000,3,11,5
ack_loss,edf_rr,5,101;102;103;104;105,298.562800,292.821,301.452,5,4.000000,4,4,5,1.000000,1.000000,1.000000,5,1.000000,1.000000,1.000000,5,0.000000,0,0,5,0.000000,0,0,5,0.000000,0,0,5,0.000000,0,0,5,0.000000,0,0,5,0.000000,0,0,5,24.183400,23.500,24.917,5,298.562800,292.821,301.452,5,862.000000,754,938,5,0.000000,0,0,5,838.000000,780,900,5,12913.000000,12714,13259,5,7.000000,5,10,5
ack_loss,edf_rr_ld,5,101;102;103;104;105,298.562800,292.821,301.452,5,4.000000,4,4,5,1.000000,1.000000,1.000000,5,1.000000,1.000000,1.000000,5,0.000000,0,0,5,0.000000,0,0,5,0.000000,0,0,5,0.000000,0,0,5,0.000000,0,0,5,0.000000,0,0,5,24.183400,23.500,24.917,5,298.562800,292.821,301.452,5,862.000000,754,938,5,0.000000,0,0,5,838.000000,780,900,5,12913.000000,12714,13259,5,7.000000,5,10,5
ack_loss,fresh_nodefer,5,101;102;103;104;105,298.745800,293.723,303.911,5,4.000000,4,4,5,1.000000,1.000000,1.000000,5,1.000000,1.000000,1.000000,5,0.000000,0,0,5,0.000000,0,0,5,0.000000,0,0,5,0.000000,0,0,5,0.000000,0,0,5,0.000000,0,0,5,24.183400,23.500,24.917,5,298.745800,293.723,303.911,5,854.800000,754,928,5,0.000000,0,0,5,838.000000,780,900,5,12930.200000,12786,13187,5,7.000000,5,10,5
ack_loss,fresh,5,101;102;103;104;105,298.736800,293.678,303.911,5,4.000000,4,4,5,1.000000,1.000000,1.000000,5,1.000000,1.000000,1.000000,5,0.000000,0,0,5,0.000000,0,0,5,0.000000,0,0,5,0.000000,0,0,5,0.000000,0,0,5,0.000000,0,0,5,24.350200,23.500,24.917,5,298.736800,293.678,303.911,5,854.800000,754,928,5,0.000000,0,0,5,838.000000,780,900,5,12930.000000,12785,13187,5,6.800000,5,10,5
ack_loss,fresh_ld,5,101;102;103;104;105,298.736800,293.678,303.911,5,4.000000,4,4,5,1.000000,1.000000,1.000000,5,1.000000,1.000000,1.000000,5,0.000000,0,0,5,0.000000,0,0,5,0.000000,0,0,5,0.000000,0,0,5,0.000000,0,0,5,0.000000,0,0,5,24.350200,23.500,24.917,5,298.736800,293.678,303.911,5,854.800000,754,928,5,0.000000,0,0,5,838.000000,780,900,5,12930.000000,12785,13187,5,6.800000,5,10,5
ack_loss,fresh_so,5,101;102;103;104;105,298.736800,293.678,303.911,5,4.000000,4,4,5,1.000000,1.000000,1.000000,5,1.000000,1.000000,1.000000,5,0.000000,0,0,5,0.000000,0,0,5,0.000000,0,0,5,0.000000,0,0,5,0.000000,0,0,5,0.000000,0,0,5,24.350200,23.500,24.917,5,298.736800,293.678,303.911,5,854.800000,754,928,5,0.000000,0,0,5,838.000000,780,900,5,12930.000000,12785,13187,5,6.800000,5,10,5
ack_loss,fifo,5,101;102;103;104;105,298.300200,293.678,302.638,5,4.000000,4,4,5,1.000000,1.000000,1.000000,5,1.000000,1.000000,1.000000,5,0.000000,0,0,5,0.000000,0,0,5,0.000000,0,0,5,0.000000,0,0,5,0.000000,0,0,5,0.000000,0,0,5,25.016800,23.500,27.417,5,298.300200,293.678,302.638,5,852.800000,754,928,5,0.000000,0,0,5,838.000000,780,900,5,12996.200000,12785,13187,5,8.200000,5,14,5
reorder,edf_rr,5,101;102;103;104;105,217.067800,210.109,223.797,5,4.000000,4,4,5,1.000000,1.000000,1.000000,5,1.000000,1.000000,1.000000,5,0.000000,0,0,5,0.000000,0,0,5,0.000000,0,0,5,0.000000,0,0,5,0.000000,0,0,5,0.000000,0,0,5,75.599800,53.083,115.000,5,217.067800,210.109,223.797,5,739.200000,638,878,5,0.000000,0,0,5,726.000000,440,1250,5,21608.400000,21479,21780,5,2.800000,1,4,5
reorder,edf_rr_ld,5,101;102;103;104;105,217.067800,210.109,223.797,5,4.000000,4,4,5,1.000000,1.000000,1.000000,5,1.000000,1.000000,1.000000,5,0.000000,0,0,5,0.000000,0,0,5,0.000000,0,0,5,0.000000,0,0,5,0.000000,0,0,5,0.000000,0,0,5,75.599800,53.083,115.000,5,217.067800,210.109,223.797,5,739.200000,638,878,5,0.000000,0,0,5,726.000000,440,1250,5,21608.400000,21479,21780,5,2.800000,1,4,5
reorder,fresh_nodefer,5,101;102;103;104;105,215.537200,208.958,222.334,5,4.000000,4,4,5,1.000000,1.000000,1.000000,5,1.000000,1.000000,1.000000,5,0.000000,0,0,5,0.000000,0,0,5,0.000000,0,0,5,0.000000,0,0,5,0.000000,0,0,5,0.000000,0,0,5,75.599800,53.083,115.000,5,215.537200,208.958,222.334,5,742.600000,651,839,5,0.000000,0,0,5,726.000000,440,1250,5,21621.200000,21479,21758,5,2.800000,1,4,5
reorder,fresh,5,101;102;103;104;105,215.537200,208.958,222.334,5,4.000000,4,4,5,1.000000,1.000000,1.000000,5,1.000000,1.000000,1.000000,5,0.000000,0,0,5,0.000000,0,0,5,0.000000,0,0,5,0.000000,0,0,5,0.000000,0,0,5,0.000000,0,0,5,75.599800,53.083,115.000,5,215.537200,208.958,222.334,5,742.600000,651,839,5,0.000000,0,0,5,726.000000,440,1250,5,21621.200000,21479,21758,5,2.800000,1,4,5
reorder,fresh_ld,5,101;102;103;104;105,215.537200,208.958,222.334,5,4.000000,4,4,5,1.000000,1.000000,1.000000,5,1.000000,1.000000,1.000000,5,0.000000,0,0,5,0.000000,0,0,5,0.000000,0,0,5,0.000000,0,0,5,0.000000,0,0,5,0.000000,0,0,5,75.599800,53.083,115.000,5,215.537200,208.958,222.334,5,742.600000,651,839,5,0.000000,0,0,5,726.000000,440,1250,5,21621.200000,21479,21758,5,2.800000,1,4,5
reorder,fresh_so,5,101;102;103;104;105,215.537200,208.958,222.334,5,4.000000,4,4,5,1.000000,1.000000,1.000000,5,1.000000,1.000000,1.000000,5,0.000000,0,0,5,0.000000,0,0,5,0.000000,0,0,5,0.000000,0,0,5,0.000000,0,0,5,0.000000,0,0,5,75.599800,53.083,115.000,5,215.537200,208.958,222.334,5,742.600000,651,839,5,0.000000,0,0,5,726.000000,440,1250,5,21621.200000,21479,21758,5,2.800000,1,4,5
reorder,fifo,5,101;102;103;104;105,215.670200,210.181,221.312,5,4.000000,4,4,5,1.000000,1.000000,1.000000,5,1.000000,1.000000,1.000000,5,0.000000,0,0,5,0.000000,0,0,5,0.000000,0,0,5,0.000000,0,0,5,0.000000,0,0,5,0.000000,0,0,5,80.933400,70.583,104.167,5,215.670200,210.181,221.312,5,742.600000,651,839,5,0.000000,0,0,5,726.000000,440,1250,5,21606.800000,21479,21758,5,2.800000,1,4,5
overflow,edf_rr,5,101;102;103;104;105,1138.029600,1121.174,1171.255,5,4.000000,4,4,5,0.700000,0.700000,0.700000,5,0.500000,0.500000,0.500000,5,8.000000,8,8,5,12.000000,12,12,5,0.000000,0,0,5,0.000000,0,0,5,0.000000,0,0,5,0.000000,0,0,5,1925.428800,1918.929,1930.000,5,1138.029600,1121.174,1171.255,5,7574.600000,7457,7767,5,21728.800000,21468,22238,5,838.000000,780,900,5,14741.000000,14706,14830,5,177.800000,177,179,5
overflow,edf_rr_ld,5,101;102;103;104;105,1137.995400,1121.174,1171.255,5,4.000000,4,4,5,0.700000,0.700000,0.700000,5,0.500000,0.500000,0.500000,5,8.000000,8,8,5,12.000000,12,12,5,0.000000,0,0,5,0.000000,0,0,5,0.000000,0,0,5,0.000000,0,0,5,1925.714400,1918.929,1930.714,5,1137.995400,1121.174,1171.255,5,7574.600000,7457,7767,5,21728.800000,21468,22238,5,838.000000,780,900,5,14741.000000,14706,14830,5,177.800000,177,179,5
overflow,fresh_nodefer,5,101;102;103;104;105,1137.921200,1121.174,1171.255,5,4.000000,4,4,5,0.700000,0.700000,0.700000,5,0.500000,0.500000,0.500000,5,8.000000,8,8,5,12.000000,12,12,5,0.000000,0,0,5,0.000000,0,0,5,0.000000,0,0,5,0.000000,0,0,5,1925.428800,1918.929,1930.000,5,1137.921200,1121.174,1171.255,5,7574.600000,7457,7767,5,21726.800000,21468,22238,5,838.000000,780,900,5,14741.000000,14706,14830,5,177.800000,177,179,5
overflow,fresh,5,101;102;103;104;105,1137.442200,1119.994,1170.671,5,4.000000,4,4,5,0.700000,0.700000,0.700000,5,0.500000,0.500000,0.500000,5,8.000000,8,8,5,12.000000,12,12,5,0.000000,0,0,5,0.000000,0,0,5,0.000000,0,0,5,0.000000,0,0,5,1925.714400,1919.286,1930.357,5,1137.442200,1119.994,1170.671,5,7570.600000,7447,7757,5,21718.800000,21448,22228,5,838.000000,780,900,5,14741.000000,14706,14830,5,177.800000,177,179,5
overflow,fresh_ld,5,101;102;103;104;105,1137.408000,1119.994,1170.671,5,4.000000,4,4,5,0.700000,0.700000,0.700000,5,0.500000,0.500000,0.500000,5,8.000000,8,8,5,12.000000,12,12,5,0.000000,0,0,5,0.000000,0,0,5,0.000000,0,0,5,0.000000,0,0,5,1926.000000,1919.286,1930.714,5,1137.408000,1119.994,1170.671,5,7570.600000,7447,7757,5,21718.800000,21448,22228,5,838.000000,780,900,5,14741.000000,14706,14830,5,177.800000,177,179,5
overflow,fresh_so,5,101;102;103;104;105,1137.442200,1119.994,1170.671,5,4.000000,4,4,5,0.700000,0.700000,0.700000,5,0.500000,0.500000,0.500000,5,8.000000,8,8,5,12.000000,12,12,5,0.000000,0,0,5,0.000000,0,0,5,0.000000,0,0,5,0.000000,0,0,5,1925.714400,1919.286,1930.357,5,1137.442200,1119.994,1170.671,5,7570.600000,7447,7757,5,21718.800000,21448,22228,5,838.000000,780,900,5,14741.000000,14706,14830,5,177.800000,177,179,5
overflow,fifo,5,101;102;103;104;105,1136.892200,1118.810,1170.584,5,4.000000,4,4,5,0.700000,0.700000,0.700000,5,0.500000,0.500000,0.500000,5,8.000000,8,8,5,12.000000,12,12,5,0.000000,0,0,5,0.000000,0,0,5,0.000000,0,0,5,0.000000,0,0,5,1926.571200,1920.357,1931.071,5,1136.892200,1118.810,1170.584,5,7564.600000,7427,7747,5,21710.800000,21428,22228,5,838.000000,780,900,5,14741.000000,14706,14830,5,177.800000,177,179,5
overload,edf_rr,5,101;102;103;104;105,6232.467200,4405.849,6895.303,5,4.000000,4,4,5,0.782240,0.780800,0.784800,5,0.774080,0.772800,0.776400,5,20.400000,17,22,5,544.200000,538,548,5,1.000000,0,2,5,0.000000,0,0,5,0.000000,0,0,5,0.800000,0,2,5,52.793400,52.393,53.588,5,6232.467200,4405.849,6895.303,5,19330.000000,15555,20296,5,70623.600000,63402,72907,5,470.000000,430,490,5,79777.400000,79722,79843,5,47.200000,42,51,5
overload,edf_rr_ld,5,101;102;103;104;105,1596.845400,916.651,2526.585,5,4.000000,4,4,5,0.769520,0.750000,0.783600,5,0.768560,0.748400,0.783600,5,2.400000,0,4,5,558.400000,522,609,5,40.200000,37,44,5,0.000000,0,0,5,0.000000,0,0,5,22.400000,18,27,5,37.016800,35.013,37.602,5,1596.845400,916.651,2526.585,5,6879.000000,4998,8566,5,35483.600000,18367,55868,5,470.000000,430,490,5,79646.200000,79519,79703,5,12.600000,6,20,5
overload,fresh_nodefer,5,101;102;103;104;105,6232.467200,4405.849,6895.303,5,4.000000,4,4,5,0.782240,0.780800,0.784800,5,0.774080,0.772800,0.776400,5,20.400000,17,22,5,544.200000,538,548,5,1.000000,0,2,5,0.000000,0,0,5,0.000000,0,0,5,0.800000,0,2,5,52.793400,52.393,53.588,5,6232.467200,4405.849,6895.303,5,19330.000000,15555,20296,5,70623.600000,63402,72907,5,470.000000,430,490,5,79777.400000,79722,79843,5,47.200000,42,51,5
overload,fresh,5,101;102;103;104;105,1210.217200,951.627,1641.427,5,4.000000,4,4,5,0.770080,0.766800,0.776000,5,0.762160,0.759200,0.767600,5,19.800000,17,21,5,574.600000,560,583,5,1.000000,0,2,5,0.000000,0,0,5,0.000000,0,0,5,0.800000,0,2,5,54.070800,53.736,54.491,5,1210.217200,951.627,1641.427,5,5438.200000,4564,7253,5,26864.000000,17134,40388,5,470.000000,430,490,5,79736.600000,79651,79820,5,46.400000,42,49,5
overload,fresh_ld,5,101;102;103;104;105,567.276800,472.630,610.592,5,4.000000,4,4,5,0.750880,0.739600,0.760800,5,0.750160,0.738800,0.760800,5,1.800000,0,4,5,605.400000,580,636,5,39.400000,37,43,5,0.000000,0,0,5,0.000000,0,0,5,22.000000,19,26,5,39.142200,37.330,40.320,5,567.276800,472.630,610.592,5,2973.000000,2091,4272,5,3856.200000,170,8346,5,470.000000,430,490,5,79561.000000,79411,79636,5,12.800000,8,21,5
overload,fresh_so,5,101;102;103;104;105,716.138400,677.788,754.101,5,4.000000,4,4,5,0.764000,0.760800,0.768000,5,0.756000,0.752000,0.759600,5,20.000000,17,22,5,589.800000,580,597,5,1.000000,0,2,5,0.000000,0,0,5,0.000000,0,0,5,0.800000,0,2,5,54.751600,54.235,55.470,5,716.138400,677.788,754.101,5,2272.000000,2224,2297,5,2484.600000,1973,3271,5,470.000000,430,490,5,79707.600000,79570,79799,5,46.200000,41,49,5
overload,fifo,5,101;102;103;104;105,181.608000,180.836,183.595,5,4.000000,4,4,5,0.658080,0.656800,0.660400,5,0.651360,0.650400,0.653200,5,16.800000,15,18,5,854.600000,849,858,5,1.000000,0,2,5,0.000000,0,0,5,0.000000,0,0,5,0.800000,0,2,5,68.327800,67.538,69.242,5,181.608000,180.836,183.595,5,635.000000,626,648,5,0.000000,0,0,5,470.000000,430,490,5,79358.400000,79258,79440,5,39.400000,35,43,5
tight_deadline,edf_rr,5,101;102;103;104;105,509.707000,494.133,520.352,5,8.000000,8,8,5,0.994737,0.973684,1.000000,5,0.936842,0.921053,0.973684,5,2.200000,1,3,5,0.000000,0,0,5,0.000000,0,0,5,0.000000,0,0,5,0.200000,0,1,5,0.000000,0,0,5,120.530000,94.730,148.947,5,509.707000,494.133,520.352,5,2520.000000,2244,2839,5,1383.600000,622,2259,5,1174.000000,860,1500,5,42040.800000,41466,42728,5,17.200000,14,20,5
tight_deadline,edf_rr_ld,5,101;102;103;104;105,509.496000,494.133,519.443,5,8.000000,8,8,5,0.994737,0.973684,1.000000,5,0.936842,0.921053,0.973684,5,2.200000,1,3,5,0.000000,0,0,5,0.000000,0,0,5,0.000000,0,0,5,0.200000,0,1,5,0.000000,0,0,5,122.427600,95.270,148.947,5,509.496000,494.133,519.443,5,2520.000000,2244,2839,5,1383.600000,622,2259,5,1174.000000,860,1500,5,42063.400000,41507,42728,5,17.400000,14,21,5
tight_deadline,fresh_nodefer,5,101;102;103;104;105,509.816400,502.103,520.497,5,8.000000,8,8,5,0.994737,0.973684,1.000000,5,0.936842,0.921053,0.973684,5,2.200000,1,3,5,0.000000,0,0,5,0.000000,0,0,5,0.000000,0,0,5,0.200000,0,1,5,0.000000,0,0,5,120.530000,94.730,148.947,5,509.816400,502.103,520.497,5,2592.000000,2510,2829,5,1415.200000,757,2078,5,1172.000000,860,1500,5,42220.800000,41446,42700,5,17.200000,14,20,5
tight_deadline,fresh,5,101;102;103;104;105,512.563200,506.270,529.415,5,8.000000,8,8,5,0.994737,0.973684,1.000000,5,0.947368,0.894737,0.973684,5,1.800000,1,4,5,0.000000,0,0,5,0.000000,0,0,5,0.000000,0,0,5,0.200000,0,1,5,0.000000,0,0,5,108.304200,81.757,167.632,5,512.563200,506.270,529.415,5,2596.000000,2525,2829,5,1480.200000,757,2035,5,1172.000000,860,1500,5,42090.200000,41301,42844,5,13.800000,8,18,5
tight_deadline,fresh_ld,5,101;102;103;104;105,512.504400,506.140,529.378,5,8.000000,8,8,5,0.994737,0.973684,1.000000,5,0.947368,0.894737,0.973684,5,1.800000,1,4,5,0.000000,0,0,5,0.000000,0,0,5,0.000000,0,0,5,0.200000,0,1,5,0.000000,0,0,5,108.409400,81.757,167.895,5,512.504400,506.140,529.378,5,2596.000000,2525,2829,5,1480.200000,757,2035,5,1172.000000,860,1500,5,42127.400000,41342,42953,5,14.200000,8,19,5
tight_deadline,fresh_so,5,101;102;103;104;105,512.563200,506.270,529.415,5,8.000000,8,8,5,0.994737,0.973684,1.000000,5,0.947368,0.894737,0.973684,5,1.800000,1,4,5,0.000000,0,0,5,0.000000,0,0,5,0.000000,0,0,5,0.200000,0,1,5,0.000000,0,0,5,108.304200,81.757,167.632,5,512.563200,506.270,529.415,5,2596.000000,2525,2829,5,1480.200000,757,2035,5,1172.000000,860,1500,5,42090.200000,41301,42844,5,13.800000,8,18,5
tight_deadline,fifo,5,101;102;103;104;105,517.188200,503.829,535.923,5,8.000000,8,8,5,1.000000,1.000000,1.000000,5,0.963158,0.947368,1.000000,5,1.400000,0,2,5,0.000000,0,0,5,0.000000,0,0,5,0.000000,0,0,5,0.000000,0,0,5,0.000000,0,0,5,115.058000,58.684,147.895,5,517.188200,503.829,535.923,5,2595.000000,2510,2829,5,1790.600000,1032,2600,5,1236.000000,860,1750,5,42017.000000,41515,42544,5,15.400000,7,27,5
